column,level,n,pct
HD/PD,HD,513,79.53
HD/PD,PD,132,20.47
m/f,m,447,69.3
m/f,f,197,30.54
m/f,nan,1,0.16
LeftVentricleCavitySize,Normal,363,56.28
LeftVentricleCavitySize,Mildly dilated,140,21.71
LeftVentricleCavitySize,No Value,45,6.98
LeftVentricleCavitySize,Moderately dilated,37,5.74
LeftVentricleCavitySize,nan,29,4.5
LeftVentricleCavitySize,Severely dilated,27,4.19
LeftVentricleCavitySize,Small,4,0.62
LeftVentricleWallThickness,Mildly increased,215,33.33
LeftVentricleWallThickness,Normal,143,22.17
LeftVentricleWallThickness,No Value,143,22.17
LeftVentricleWallThickness,nan,100,15.5
LeftVentricleWallThickness,Moderately increased,39,6.05
LeftVentricleWallThickness,Severely increased,5,0.78
LeftVentricleSystolicFunction,Normal,292,45.27
LeftVentricleSystolicFunction,Severely reduced,112,17.36
LeftVentricleSystolicFunction,Moderately reduced,47,7.29
LeftVentricleSystolicFunction,No Value,46,7.13
LeftVentricleSystolicFunction,Mildly reduced,36,5.58
LeftVentricleSystolicFunction,Mild-moderately reduced,36,5.58
LeftVentricleSystolicFunction,Moderate-severely reduced,34,5.27
LeftVentricleSystolicFunction,nan,29,4.5
LeftVentricleSystolicFunction,Increased (hyperdynamic),13,2.02
LeftVentricleSummary,nan,450,69.77
LeftVentricleSummary,Normal left ventricle structure and function.,53,8.22
LeftVentricleSummary,Hypertrophy of interventricular septum.,20,3.1
LeftVentricleSummary,Regional LV dysfunction.,12,1.86
LeftVentricleSummary,Hypertrophy of LV.,8,1.24
LeftVentricleSummary,Regional LV dysfunction,8,1.24
LeftVentricleSummary,C/W LV diastolic dysfunction: Pseudo-normal filling pattern .   ,6,0.93
LeftVentricleSummary,C/W LV diastolic dysfunction: Pseudo-normal filling pattern .,6,0.93
LeftVentricleSummary,Hypertrophy of interventricular septum   ,5,0.78
LeftVentricleSummary,C/W LV diastolic dysfunction: impaired relaxation pattern .,5,0.78
LeftVentricleSummary,Hypertrophy of interventricular septum,5,0.78
LeftVentricleSummary,Hypertrophy of basal interventricular septum   ,4,0.62
LeftVentricleSummary,Hypertrophy of LV,4,0.62
LeftVentricleSummary,C/W LV diastolic dysfunction: Restricitive filling pattern .,4,0.62
LeftVentricleSummary,Hypertrophy of basal interventricular septum,4,0.62
LeftVentricleSummary,C/W LV diastolic dysfunction: impaired relaxation pattern .  ,3,0.47
LeftVentricleSummary,Regional LV dysfunction   ,3,0.47
LeftVentricleSummary,Hypertrophy of LV   ,3,0.47
LeftVentricleSummary,C/W LV diastolic dysfunction: Pseudo-normal filling pattern .  ,2,0.31
LeftVentricleSummary,Hypertrophy of basal interventricular septum.,2,0.31
LeftVentricleSummary,  ,2,0.31
LeftVentricleSummary,Hypertrophy of interventricular septum - mild.,2,0.31
LeftVentricleSummary,mild hypertrophy of the interventricular septum,2,0.31
LeftVentricleSummary,Hypertrophy of interventricular septum. Nonsignificant interventricular dyssynchrony. Nonsignificant left ventricular dyssynchrony (intraventricular).,2,0.31
LeftVentricleSummary,Hypertrophy of interventricular septum. Regional LV dysfunction.,2,0.31
LeftVentricleSummary,mild hypertrophy of the septum ,1,0.16
LeftVentricleSummary,Significant left ventricular dyssynchrony (intraventricular)  Nonsignificant interventricular dyssynchrony  ,1,0.16
LeftVentricleSummary,Nonsignificant interventricular dyssynchrony   Significant left ventricular dyssynchrony (intraventricular)   ,1,0.16
LeftVentricleSummary,Hypertrophy of basal interventricular septum   C/W LV diastolic dysfunction: Pseudo-normal filling pattern .   ,1,0.16
LeftVentricleSummary,Hypertrophy of interventricular septum  Regional LV dysfunction  ,1,0.16
LeftVentricleSummary,Normal left ventricle structure and function.  C/W LV diastolic dysfunction: Pseudo-normal filling pattern .,1,0.16
LeftVentricleSummary,Apical Hypertrophy   Hypertrophy of basal interventricular septum   ,1,0.16
LeftVentricleSummary,Hypertrophy of  interventricular septum.  ,1,0.16
LeftVentricleSummary,Hypertrophy of interventricular septum - mild.  Regional LV dysfunction.,1,0.16
LeftVentricleSummary,C/W LV diastolic dysfunction: Restricitive filling pattern .   ,1,0.16
LeftVentricleSummary,Hypertrophy of basal interventricular septum.   Regional LV dysfunction.,1,0.16
LeftVentricleSummary,Regional LV dysfunction.  ,1,0.16
LeftVentricleSummary,Nonsignificant interventricular dyssynchrony Significant left ventricular dyssynchrony (intraventricular),1,0.16
LeftVentricleSummary,Normal global left ventricle systolic function. Regional LV dysfunction.,1,0.16
LeftVentricleSummary,Hypertrophy of interventricular septum -mild.,1,0.16
LeftVentricleSummary,Preserved LV systolic function,1,0.16
LeftVentricleSummary,mild Hypertrophy of interventricular septum.,1,0.16
LeftVentricleSummary,Hypertrophy of interventricular septum- mild.,1,0.16
LeftVentricleSummary,Paradoxical septal motion consistent with paced rhythm,1,0.16
LeftVentricleSummary,Regional LV dysfunction Hypertrophy of basal interventricular septum C/W LV diastolic dysfunction: impaired relaxation pattern .,1,0.16
LeftVentricleSummary,"Hypertrophy of basal interventricular septum Regional LV dysfunction ,localized apical aneurysm",1,0.16
LeftVentricleSummary,Hypertrophy of basal interventricular septum Regional LV dysfunction,1,0.16
LeftVentricleSummary,Normal left ventricle structure and global function.,1,0.16
LeftVentricleSummary,Hypertrophy of interventricular septum - mild,1,0.16
LeftVentricleSummary,Normal left ventricle structure and function. Hypertrophy of LV.,1,0.16
LeftVentricleSummary,Hypertrophy of interventricular septum-mild. Regional LV dysfunction.,1,0.16
LeftVentricleSummary,Dilated LV cavity with normal systolic function,1,0.16
LeftVentricleSummary,Nonsignificant interventricular dyssynchrony Nonsignificant left ventricular dyssynchrony (intraventricular),1,0.16
RVSize,No Value,195,30.23
RVSize,Normal,152,23.57
RVSize,nan,150,23.26
RVSize,Dilated,90,13.95
RVSize,Mildly dilated,57,8.84
RVSize,RVH,1,0.16
RVSystolicFunction,No Value,194,30.08
RVSystolicFunction,nan,147,22.79
RVSystolicFunction,Normal,144,22.33
RVSystolicFunction,Moderately reduced,62,9.61
RVSystolicFunction,Mildly reduced,57,8.84
RVSystolicFunction,Severely reduced,41,6.36
LACavitySize,Mildly dilated,324,50.23
LACavitySize,Moderately dilated,170,26.36
LACavitySize,Normal,68,10.54
LACavitySize,Severely dilated,40,6.2
LACavitySize,No Value,29,4.5
LACavitySize,nan,14,2.17
AorticValveStructure,Calcified,298,46.2
AorticValveStructure,No Value,106,16.43
AorticValveStructure,nan,88,13.64
AorticValveStructure,Thickened,65,10.08
AorticValveStructure,Normal,31,4.81
AorticValveStructure,Bioprosthesis,24,3.72
AorticValveStructure,Focal calcification,21,3.26
AorticValveStructure,Prosthetic,10,1.55
AorticValveStructure,Bicuspid,1,0.16
AorticValveStructure,Not well seen,1,0.16
AorticValveRegurgitation,nan,187,28.99
AorticValveRegurgitation,No Value,156,24.19
AorticValveRegurgitation,Trivial,141,21.86
AorticValveRegurgitation,Mild (I),128,19.84
AorticValveRegurgitation,Mild-to-moderate (I-II),23,3.57
AorticValveRegurgitation,Moderate (II),6,0.93
AorticValveRegurgitation,Moderately-severe (III),3,0.47
AorticValveRegurgitation,Severe (IV),1,0.16
AorticValveSummary,nan,507,78.6
AorticValveSummary,Normal aortic valve structure and function.,24,3.72
AorticValveSummary,Moderate aortic stenosis.,17,2.64
AorticValveSummary,Mild aortic stenosis.,14,2.17
AorticValveSummary,Severe aortic stenosis.,11,1.71
AorticValveSummary,Mild aortic stenosis,5,0.78
AorticValveSummary,S/P Percutaneous aortic valve implantation.,5,0.78
AorticValveSummary,Moderate-Severe aortic stenosis   ,4,0.62
AorticValveSummary,Normally functioning bioprosthetic valve in aortic position.,4,0.62
AorticValveSummary,Normally functioning prosthetic valve in aortic position.,4,0.62
AorticValveSummary,Mild-moderate aortic stenosis,4,0.62
AorticValveSummary,Moderate-Severe aortic stenosis.,3,0.47
AorticValveSummary,Mild aortic stenosis   ,3,0.47
AorticValveSummary,Moderate aortic stenosis,3,0.47
AorticValveSummary,S/P Percutaneous aortic valve implantation. Normally functioning bioprosthetic valve in aortic position.,3,0.47
AorticValveSummary,Mild-moderate aortic stenosis.,3,0.47
AorticValveSummary,Severe aortic stenosis   ,2,0.31
AorticValveSummary,Mild to moderate aortic stenosis,2,0.31
AorticValveSummary,Minimal aortic stenosis.,2,0.31
AorticValveSummary,Increased gradient on prosthetic AV.,2,0.31
AorticValveSummary,mild aortic stenosis,1,0.16
AorticValveSummary,severely calcified aortic valve with restricted opening,1,0.16
AorticValveSummary,Severe aortic stenosis  ,1,0.16
AorticValveSummary,Moderate aortic stenosis  ,1,0.16
AorticValveSummary,Mild aortic stenosis  ,1,0.16
AorticValveSummary,Minimal aortic stenosis,1,0.16
AorticValveSummary,Probalby low flow moderate severe aortic  stenosis ,1,0.16
AorticValveSummary,Mild-moderate aortic stenosis   ,1,0.16
AorticValveSummary,Minimal aortic stenosis   ,1,0.16
AorticValveSummary,  ,1,0.16
AorticValveSummary,Moderate-Severe aortic stenosis,1,0.16
AorticValveSummary,S/P Percutaneous aortic valve implantation (Core-valve 29 mm),1,0.16
AorticValveSummary,moderate to sever aortic stenosis.,1,0.16
AorticValveSummary,S/P Percutaneous aortic valve implantation. Paravalvular leak.,1,0.16
AorticValveSummary,small mobile mass (6mm) on left coronary cusp most consistant with papillary fibroelastoma,1,0.16
AorticValveSummary,Thickened and restricted aortic valve Aortic sclerosis without significant stenosis Moderate aortic regurgitation,1,0.16
AorticValveSummary,Calcified aortic valve annulus,1,0.16
AorticValveSummary,mild to moderate aortic stenosis.,1,0.16
AorticValveSummary,Calcified aortic valve with normal opening,1,0.16
AorticValveSummary,Severe aortic stenosis,1,0.16
AorticValveSummary,Increased gradient on prosthetic AV,1,0.16
AorticValveSummary,"Thickened aortic valve with restricted leaflet opening Moderate aortic stenosis, mean gradient of 21 mmHg Mild aortic regurgitation",1,0.16
AorticValveSummary,severe aortic stenosis,1,0.16
MitralValveStructure,No Value,261,40.47
MitralValveStructure,nan,197,30.54
MitralValveStructure,Thickened / sclerotic,65,10.08
MitralValveStructure,Calcified,62,9.61
MitralValveStructure,Normal,20,3.1
MitralValveStructure,Prosthetic,14,2.17
MitralValveStructure,S/P Repair,10,1.55
MitralValveStructure,Bioprosthetic,6,0.93
MitralValveStructure,See below,5,0.78
MitralValveStructure,Rheumatic,3,0.47
MitralValveStructure,Rheumatic ,2,0.31
MitralRegurgitation,Mild (I),229,35.5
MitralRegurgitation,Trivial,137,21.24
MitralRegurgitation,Mild-to-moderate (I-II),106,16.43
MitralRegurgitation,Moderate (II),67,10.39
MitralRegurgitation,Severe (IV),34,5.27
MitralRegurgitation,No Value,29,4.5
MitralRegurgitation,Moderately-severe (III),24,3.72
MitralRegurgitation,nan,19,2.95
MitralValveSummary,nan,443,68.68
MitralValveSummary,mitral annular calcification.,60,9.3
MitralValveSummary,Mild mitral annular calcification.,31,4.81
MitralValveSummary,Mitral annular calcification.,11,1.71
MitralValveSummary,Mild mitral annular calcification.   ,9,1.4
MitralValveSummary,Severe mitral annular calcification.,8,1.24
MitralValveSummary,Mild mitral annulus calcification.,6,0.93
MitralValveSummary,mitral annular calcification.   ,5,0.78
MitralValveSummary,mitral annulus calcification.,5,0.78
MitralValveSummary,Normally functioning prosthetic artificial valve in mitral position.,5,0.78
MitralValveSummary,Mild mitral annulus calcification.   ,3,0.47
MitralValveSummary,mitral annulus calcification.   ,3,0.47
MitralValveSummary,Normal mitral valve structure and function.,3,0.47
MitralValveSummary,S\P Mitral clip.,3,0.47
MitralValveSummary,Mild mitral annular calcification.  ,2,0.31
MitralValveSummary,MAC,2,0.31
MitralValveSummary,Moderate mitral annular calcification.   ,2,0.31
MitralValveSummary,Moderate mitral stenosis.,2,0.31
MitralValveSummary,Mitral annulus calcification.,2,0.31
MitralValveSummary,Mild mitral stenosis.,2,0.31
MitralValveSummary,Mild annular calcification.  ,1,0.16
MitralValveSummary, Severe mitral stenosis.  Severe mitral annular calcification.,1,0.16
MitralValveSummary,Calcifications in papillary muscles,1,0.16
MitralValveSummary,Moderate mitral annulus calcification.   Thickening in mitral leaflets  ,1,0.16
MitralValveSummary,Moderate mitral annular calcification.  ,1,0.16
MitralValveSummary,Mild to moderate  mitral annular calcification.,1,0.16
MitralValveSummary,Moderate mitral annulus calcification.   ,1,0.16
MitralValveSummary,Moderate mitral annulus calcification.  ,1,0.16
MitralValveSummary,Mild mitral annulus calcification.  ,1,0.16
MitralValveSummary,Mitral annulus calcification.  ,1,0.16
MitralValveSummary,systolic anterior motion (SAM) of anterior leaflet.   ,1,0.16
MitralValveSummary,mitral annulus calcification.  ,1,0.16
MitralValveSummary,Caseous mitral annulus abscess   Mitral annular calcification.   ,1,0.16
MitralValveSummary,Mild mitral stenosis.   ,1,0.16
MitralValveSummary,mitral annular calcification.   Mild mitral stenosis.   ,1,0.16
MitralValveSummary,mitral annular calcification-severe.,1,0.16
MitralValveSummary,mitral annular calcification. Moderate mitral stenosis.,1,0.16
MitralValveSummary,mitral annular calcification - mild.,1,0.16
MitralValveSummary,Moderate to severe mitral annulus calcification.,1,0.16
MitralValveSummary,Moderate mitral annular calcification.,1,0.16
MitralValveSummary,Moderate mitral annular calcification. flail of anterior leaflet of mitral valve.,1,0.16
MitralValveSummary,Mitral annular calcification Mild calcific mitral stenosis Moderate mitral regurgitation,1,0.16
MitralValveSummary,Mitral annular calcification,1,0.16
MitralValveSummary,Normally functioning bioprosthetic artificial valve in mitral position.,1,0.16
MitralValveSummary,Moderate mitral annular calcification. mild mitral stenosis.,1,0.16
MitralValveSummary,mitral annular calcification,1,0.16
MitralValveSummary,Mmitral annular calcification.,1,0.16
MitralValveSummary,Severe Mitral Annular calcification,1,0.16
MitralValveSummary,S/P Mitral Clip,1,0.16
MitralValveSummary,Immobile posterior mitral valve leaflet (tethered),1,0.16
MitralValveSummary,Increased gradient on prosthetic MV,1,0.16
MitralValveSummary,Failed Alfieiri repair with partial dehiscence of ring,1,0.16
MitralValveSummary,Mild flail of of anterior leaflet of mitral valve.,1,0.16
MitralValveSummary,Paravalvular leak. Increased gradient on prosthetic MV.,1,0.16
MitralValveSummary,moderate perivalvular prosthetic MV leak,1,0.16
MitralValveSummary,Mitral annular calcification - mild stenosis,1,0.16
MitralValveSummary,Mitral annular calcification-severe.,1,0.16
MitralValveSummary,"Mitral annular calcification, normal leaflet opening",1,0.16
TricuspidValveStructure,No Value,339,52.56
TricuspidValveStructure,nan,235,36.43
TricuspidValveStructure,Normal,54,8.37
TricuspidValveStructure,s/p Repair,11,1.71
TricuspidValveStructure,Thickened,3,0.47
TricuspidValveStructure,Bioprosthetic,3,0.47
TricuspidRegurgitation,Mild (I),197,30.54
TricuspidRegurgitation,Trivial,164,25.43
TricuspidRegurgitation,Mild-to-moderate (I-II),93,14.42
TricuspidRegurgitation,Moderate (II),64,9.92
TricuspidRegurgitation,Severe (IV),51,7.91
TricuspidRegurgitation,Moderately-severe (III),31,4.81
TricuspidRegurgitation,No Value,26,4.03
TricuspidRegurgitation,nan,19,2.95
ECHO_SPAP,Severely increased,150,23.26
ECHO_SPAP,Moderately increased,142,22.02
ECHO_SPAP,Mildly increased,135,20.93
ECHO_SPAP,nan,119,18.45
ECHO_SPAP,Normal,99,15.35
ProcedureSummary,"חדר שמאל בגודל תקין, התכווצות גלובלית ירודה במידה בינונית, אקינזיה פוסטריורית,לטרלית, אינפרו-בזלית וספטו-בזלית, הפוקינזיה אנטריורית, תבנית מילוי רסטריקטיבית, עליות בגודל תקין, חדר ימני בגודל תקין, טבעת מסתם מיטרלי מסוידת, אי ספיקה מיטרלית קשה, מסתם אאורטלי מעובה, אי ספיקה אאורטלית וטריקוספידלית קלה, לחץ דם ריאתי מוגבר במידה קשה.",2,0.31
ProcedureSummary,"בדיקה בוצעה בשכיבה על הגב.  חדר שמאלי בגודל תקין, ספטום מעובה במדיה קלה, תפקודו הגלובלי הסיסטולי תקין  עם היפוקנזיה ספטלית בלבד.   תבנית מילוי דיאסטולי מתאימה להפרעה דרגה 1 ( הפרעה בהרפיה).   חדר ימין בגודל ותפקוד תקינים   עליה שמאלית מרוחבת במדיה קלה   מסתם אאורטלי מסוייד תלת עלי  מפתחו מוגבלת במידה קלה מאוד עם דלף מנימלי  והצרות קלה.   מסתם מטרלי עם דלף מנימלי   מסתם טריקוספידלי עם דלף מנימלי   לחץף דם ראתי סיסטולי לא ניתן להערכה בהעדר סגנל TR דופלר מספק  IVC אינו מורחב ועובר תמט נשימתי הולם באינספיריום    ללא עדות לתפליט פריקרדיאלי    אאורטה  עולה ברוחב תקין ",1,0.16
ProcedureSummary,"חדר שמאל בגודל ותפקוד תקין, תבנית המילוי פסאדונורמלית, היפוקינזיה אינפרובזלית ואפיקלית, חדר ימין בגודל ותפקוד תקין, הרחבה של עליה שמאלית, הסתידות בטבעת המסתם המיטרלי, אי ספיקה מיטרלית קלה עם סילון אקסנטרי קדמי, מסתם אאורטלי מעובה, אי ספיקה טריקוספידלית מינימלית, לחץ ראתי מוגבר במידה בינונית, הודגם תפליט פלאורלי מימין. ",1,0.16
ProcedureSummary,"חדר שמאל בגודל תקין, התכווצותו הגלובלית ואיזורית תקינה, חדר ימין עם תפקוד תקין, עליות בגודל תקין, אי ספיקה מיטרלית מינימלית, אי ספיקה טריקוספידלית מינימלית, לא ניתן להעריך לחץ דם ריאתי בשל סינגל TR קלוש.  הודגם נוזל פקרידריאלי בכמות גדולה , עם סימני לחץ על עליה הימנית, והחדר הימני ללא שינוים רספירטוריים משמעותיים. IVC אינו מורחב עם קולפס נשימתי תקין.",1,0.16
ProcedureSummary,"חדר שמאל בגודל תקין ,תפקודו הסיסטולי הגלובלי תקין  עם היפוקינזיה אחורית קלה, תבנית המילוי הדיאסטולי פסאודונורמלית ,עליה שמאל מורחבת במידה קלה. מודגם PFO עם דלף משמאל לימין.   חדר ימין בגודל ותפקוד תקינים , ל""ד ריאתי מוערך מוגבר במידה קלה.   מסתם אאורטלי מסוייד ללא דלף או הצרות, אנולוס מיטראלי מסוייד, דלף מיטראלי וטריקוספידלי מינימלי ",1,0.16
ProcedureSummary,"חדר שמאלי מעט מורחב, היפרטרופי, התכווצות גלובלית ואיזורית תקינה, חדר ימני בגודל והתכווצות תקינה, מסתם אורטלי מסוייד עם היצרות קלה, אנולוס מיטרלי מסוייד עם דלף קל מיטרלי על בסיס ה - MAC ניצפה מסה מסויידת ניידת בגודל של 1.1 על 0.7 ס""מ באבחנה מבדלת: מרכיב של ה MAC (במקום ראשון) או וגטציה. דלף קל של טריקספיד, אין עדות ליתר לחץ דם ריאתי, הגדלה קלה של העליה השמאלית.",1,0.16
ProcedureSummary,"חדר שמאל בגודל תקין, היפרטרופי, תפקודו הגלובלי והאיזורי תקין. חדר ימין תקין. עליה שמאלית מורחבת במידה קלה. מסתם אורטלי מסוייד, היצרות קלה,דלף עד בינוני.אי ספיקה מיטרלית וטריקוספידלית מינימלית. לחץ דם ריאתי מוערך כתקין.  הודגמה אנאוריזמה בינעלתית.",1,0.16
ProcedureSummary,"חדר שמאל עם חלל בגודל תקין, היפרטופי במידה ניכרת במידה ניכרת,תפקודו הסיסטולי הגלובלי תקין ללא הפרעה אזורית, תבנית המילוי הדיאסטולי פסאודונורמלית, עליה שמאל מורחבת במידה קלה.   חדר ימין בגודל ותפקוד תקינים ללא עדות ליל""ד ריאתי (תתכן תת הערכה בשל סיגנל TR חלש) .   מסתם אאורטלי מסוייד עם דלף מינימלי ללא הצרות,דלף מיטראלי וטריקוספידלי מינימלי. ",1,0.16
ProcedureSummary,"חדר שמאל בגודל תקין ,תפקודו הסיסטולי הגלובלי תקין ללא הפרעה אזורית ,לא ניתן לקבוע תפקוד דיאסטולי, עליה שמאל מורחבת במידה קלה   חדר ימין בגודל ותפקוד תקינים , ל""ד ריאתי מוערך מוגבר במידה קלה   מסתם אאורטלי מסוייד עם הצרות בינונית ללא דלף, אנולוס מיטראלי מסוייד ללא הצרות, דלף מיטראלי קל ודלף טריקוספידלי מינימלי.   מודגם תפליט פריקרדיאלי קל עד בינוני ללא סימני לחץ על מדורים ימניים ",1,0.16
ProcedureSummary,"עליה שמאלית מורחבת. חדר ימין עם תפקוד ירוד במדיה בינונית, אלקטרודה של קוצב בתוכו(FAC=25). חדר שמאל מורחב עם תפקוד גלובלי ירוד במידה קשה. אקינזיה פוסטירורית, אחורית, קידמית, דיסקינזיה אפיקלית. שאר הדפנות היפוקינטיות. מסתם אורטלי מסויד. אס""ק מיטרלית קלה. אס""ק אורטלית קלה. אס""ק טרקיוספידלית בינונית. יל""ד  ריאתי קל.   בדיקת סינכרוניזציה:   חדר ימין מתכווץ 16 מילישניות אחרי חדר שמאל( לא משמעותי)   YU INDEX=32.9( משמעותי)  בסי הקיר הלטרלי מתכווץ 65 מילישניות אחרי בסיס הספטום( משמעותי)    הקיר הלטרלי מתכווץ אחרון.",1,0.16
ProcedureSummary,"איכות הדמייה ירודה.  חדר שמאלי בגודל תקין, מעובה במידה קלה, התכווצותו הגלובלית והאיזורית תקינה, חדר ימני בגודל תקין והתכווצותו תקינה, עליות בגודל תקין.  אין עדות לחסימה באפיק המוצא של חדר שמאל, הודגם מפל לחצים מיד ונטריקולורי עד 57 ממ""כ, טבעת המסתם המיטרלי מסויידת, אי ספיקה מיטרלית מינימלית, אי ספיקה טריקוספידלית מינימלית, אין עדות ליתר לחץ דם ריאתי. ",1,0.16
ProcedureSummary,"חדר שמאלי מורחב עם התכוווצת גלובלית ירודה מאוד, מערבת את כל הדפנות, תבנית המילוי רסטריקטיבית, איו פעילות מכנית עלייתית בדופלר, חדר ימני מורחב והיפוקינטי, אי ספיקה מיטרלית קלה עד בינונית וטריקוספידלית בינונית קשה עם יתר לחץ דם ריאתי בחומרה בינונית (בנוכחות לחץ דם סיסטולי נמוך), מודגם תפליט פלאורלי ופריטונאלי, עלי שמאלית מורחבת. קוצב מימין. ",1,0.16
ProcedureSummary,"עליות מורחבות. חדר ימין מורחב והיפוקינטי בינונית(FAC=16). אלקטרודת קוצב בתוכו. חדר שמאל מורחב עם תפקוד גלובלי ירוד במבדיה קשה. דיסקינזיה אפיקלית. אקיזניה  ספטלית, אינפריורית, פוסטריורית, ךטרלית וקידמית. רק הסגמנטים בזלים מתכווצים. אס""ק מיטרלת קלה עד בינונית. מסתם אורטלי מעט מסויד. אס""ק טריקוספידלית בינונית. יל""ד ריאתי קשה. תבנית מילוי רסטריקטיבית.   בדיקת סינכרוניזציה:   חדר ימין מתכווץ 30 מילישניות לפני חדר שמאל ( לא משמעותי)   YU INCEX= 42( משמעותי)   BAX INDEX= 70 ( משמעותי)   הקיר ה אנטריורי מתכווץ אחרון.",1,0.16
ProcedureSummary,"בדיקה טכנית קשה. עליה שצמאליתתקינה. חדר ימין תקין. חדר שמאל ברוחב תקין, הספטום מעובה, תפקוד היפרדינמי. מסתם אורטלי מעובה עם דלף מימלי. אס""ק מיטרלית מינימלית. אס""ק טרקיוספידלית מינימלית. לחץ ריאתי תקין. תבנית מילוי ספוידו נורמלית. אלקטרודת קוצב מימין.",1,0.16
ProcedureSummary,בדיחקה בנוכחות פרפרו פרוזדורים  חדר שמאלי בגודל תקין תפקודו הגלובלי הסיסטולי תקין ללא הפרעה אזורית   חד רימין בגודל ותפקוד תקינים   מסתם אורטלי מסוייד קלות עם דלף מנימלי   מסתם מיטרלי עם טבעת מסויידת עם דלף קל  דרכו    מסתם טריקוספידלי עם דלף בינוני  לחץ דם ראתי סיסטולי מוערך כמוגבר במידה בינונית  וריד נבוב תחתון מורחב ולא עובר תמט נשימתי הול   תפליט פריקרדיאלי קל-בינוני ללא   סימני לחץ על חדר ימין בדיאסטולית  מוקדמת או על עליה ימין בדיאסטולית מאוחרת,1,0.16
ProcedureSummary,"בדיקה טכנית קשה.פרפור.חדר שמאל בגודל תקין התכוצותו הגלובלית מופחתת במידה קשה בצורה דיפוזית, קשה להתרשם מתבנית מילוי בזמן פרפור פרוזדורים, חדר ימין בגודל ותפקוד תקין, .עליה שמאלית מורחבת.אי ספיקה מיטרלית קלה. אי ספיקה טריקוספדלית קלה. לחץ דם ריאתי מוגבר במידה  קלה-בינונית.",1,0.16
ProcedureSummary,"חדר שמאל בגודל תקין התכוצותו הגלובלית תקינהץ חדר ימין בגודל ותפקוד תקין .תבנית מילוי תקינה. עליות מורחבות.האורטה העולה מעט מורחבת. מסתם אורטלי מעט מסויד, אי ספיקה מיטרלית מנימלית אי ספיקה אורטלית וטריקוספדלית קלה. לחץ דם ריאתי מוגבר במידה קלה. נוזל פרקירדיאלי בכמות קטנה. נוזל פלוירלי מימין.",1,0.16
ProcedureSummary,"חדר שמאלי מורחב במידה קלה, התכווצותו הגלובלית מופחתת במידה קשה, אקינזיה אחורית, ספטלית, אינפריורית, היפוקנזיה לטרלית, אנטריורית, חדר ימין תקין בגודל תפקודו מופחת במידה בינונית, מסתם אורטלי מסוייד מדגים הצרות בינונית עד קשה, אי ספיקה אורטלית מינימלית, טבעת המסתם המיטרלי מסויידת, אי ספיקה מיטרית בינונית ,אי ספיקה טריקוספידלית בינונית,  לחץ דם ריאתי מוגבר במידה קשה, הגדלה קלה של העליה השמאלית. יכול להתאים ללחצי מילוי גבוהים.",1,0.16
ProcedureSummary,"חדר שמאל עם חלל בגודל תקין ,הספטום מעובה במידה קלה, תפקודו הסיסטולי הגלובלי של חדר שמאל תקין ללא הפרעה אזורית,   תבנית המילוי הדיאסטולי פסאודונורמלית, עליה שמאל מורחבת במידה קלה, עליה ימין מורחבת   חדר ימין בגודל תקין עם תפקוד סיסטולי מופחת במידה קלה, ל""ד ריאתי מוערך מוגבר במידה קלה (תתכן תת הערכה)   מסתם אאורטלי מסוייד עם הצרות בינונית עד קשה (לפי המפל הסיסטולי על פניו ויחס VTI. השטח המחושב מתאים להצרות קשה אולם יש קושי במדידה טובה של קוטר מוצא חדר שמאל. לשקול קולרציה לCT TAVI) ללא עדות לדלף אאורטלי  . מסתם מיטראלי ואנולוס מיטראלי מסויידים ללא הצרות, דלף מיטראלי קל, דלף טריקוספידלי קל עד בינוני. מודגמת  הרחבה אנאוריזמתית של אאורטה עולה. תפליט פריקרדיאלי מינימלי ותפליט פלאורלי משמאל  ",1,0.16
ProcedureSummary,"חדר שמאל ברוחב תקין, תפקודו הגלובלי והאיזורי תקין. עקומת מילויי מעידה על ליקויי קל בהרפיה, בהתאם לגיל.  חדר ימין בגודל ובתפקוד תקין. עליות מוגדלות קל. הודגמה אנוריזמה של מחיצה בין עלייתית. המסתם האאורטלי מעובה ומסויד קל, דליפה מיטרלית מינימלית, דליפה טריקוספידלית מינימלית, לא ניתן להעריך לחץ ריאתי עקב סיגנל דופלר קלוש.  לא הודגמו וגטציות בשיטת הדמיה זו. ",1,0.16
ProcedureSummary,"עליה שמאלית מורחבת. חדר ימין תקין. חדר שמאל מעט מורחב, הספטום מעובה, תפקוד גלובלי ואזורי תקין. תבנית מילוי פסוידונורמלית.. הסתידות קלה של הטבעת המיטרלית ושל המסתם האורטלי. אס""ק מיטרלית קלה. אס""ק טרקיוספידלית קלה. יל""ד ריאתי בינוני.",1,0.16
ProcedureSummary,"חדר שמאלי מורחב, דפנותיו בעובי תקין, תפקודו הגלובלי מופחת במידה קשה. הפוקינזיה דיפוזית ואקינזיה אנפריורית, בתבנית המילוי הפרעה פסאודו-נורמלית, לחצי מילוי מוגברים. רוחב חדר ימין בגבול עליון, תפקודו מופחת. פרוזדור שמאלי מורחב במידה קשה, פרוזדור ימין מעט מורחב.  מסתם אאורטלי מעט מסוייד, ללא הפרעה המודינמית משמעותית. אנולוס מיטרלי מעט מסוייד, דלף מיטרלי קשה, דלף טריקוספידלי  קל עד בינוני, לחץ ריאתי מוגבר במידה בינונית.  הודגמה אלקטרודת הקוצב מימין.",1,0.16
ProcedureSummary,"חדר שמאלי בגודל תקין והתכווצותו גלובלית שמורה, אקינזיה פוסטרו-לטרלית. חדר ימני מעט מורחב, תפקודו תקין. מסתם אאורטלי מסויד עם היצרות קלה ודלף מינימלי. אנולוס ומסתם מטרלי מסוידים, עם היצרות קשה. אי ספיקה מיטרלית קלה עד בינונית. דלף טריקוספידלי קל. לחץ דם ריאתי מוגבר במידה קשה.   עליות מורחבות. IVC מורחב עם תמט חלקי.  הודגם PFO עם מעבר צבע דופלר משמאל לימין.  תפליטים פלאורליים דו-צדדיים. ",1,0.16
ProcedureSummary,"חדר שמאלי בגודל תקין, היפרטרופי במידה בינונית, התכווצותו הגלובלית ירודה במידה קלה דיפוזי, חדר ימני בגודל והתכווצות תקינה, מסתם אורטלי מסויד, אי ספיקה אורטלית קלה עד בינונית, הצרות אורטלית קשה (peak velocity 4 m/s, טבעת מסתם מיטרלי מסוידת, היצרות במידה קלה,  אי ספיקה מיטרלית בינונית, אי ספיקה טריקוספידלית בינונית, לחץ דם ריאתי מוגבר במידה קשה, הגדלה בינונית של העליה השמאלית.  Findings of Thick, hyperechoic myocardiumm, small pericardial effusion, thickened valve leaflets are concerning for cardiac amyloidosis",1,0.16
ProcedureSummary,"עליות מורחבות. חדר ימין מורחב והיפוקינטי קשה. חדר שמאל מורחב עם תפקוד גלובלי ירוד במדיה קשה. רק הספטום הקידמי והקיר הקידמי מתכווצים. השאר אקינטי. מסתם אורטלי מסויד עם דלף קל. אס""ק מיטרלית בינונית עד קשה. אס""ק רטקיוספידלית קשה. יל""ד ריאתי קל. מיימת.",1,0.16
ProcedureSummary,"חדר שמאלי בגודל תקין והתכווצותו גלובלית שמורה, דפנותיו מעובים במידה קלה. אקינזיה מיד-פוסטריורית, אינפרו-בזאלית ושל הספטום הבזאלי. תבנית המילוי פסאודו-תקינה, אי ספיקה מיטרלית קלה וטריקוספידלית מינימלית. יתר לחץ דם ריאתי קל, הרחבה קלה של העליה השמאלית. יכול להתאים ללחצי מילוי גבוהים. ",1,0.16
ProcedureSummary,"חדר שמאל מורחב התכווצותו הגלובלית מופחתת במידה בינונית-קשה,  ירידה די דיפוזית, חדר ימין בגודל ותפקוד תקין. עליה שמאלית מורחבת. התרחבות קלה של שורש האורטה. אי ספיקה מיטרלית בינונית. אי ספיקה אורטלית קלה. אי ספיקה טריקוספדלית קלה .לחץ דם ריאתי מוגבר במידה קשה.",1,0.16
ProcedureSummary,"עליה שמאלית מורחבת. ללא עדות לטרומבוס באוזנית.  חדר ימין עם תפקוד ירוד במדיה קשה.. חדר שמאל ברוחב תקין עם תפקוד גלבולי ירוד במדיה קשה ובאופן דיפוזי, כאשר הקיר התחתון אקינטי. אס""ק מיטרלית קלה. אס""ק טריקוספידלית קלה. יל""ד ריאתי בינוני. תבנית מילוי רסטרקיטבית. מחיצה בין עךיתית ללא פגם לפי צבע. אורטה היורדת תקינה. נוזל פריקרדיאלי בכמות קטנה. אציטס.",1,0.16
ProcedureSummary,"חדר שמאלי ברוחב תקין, מעט הפרטרופי, תפקודו הגלובלי שמור, אקינזיה אפיקלית. חדר ימין ברוחב ותפקוד תקין. פרוזדורים ברוחב תקין.  מסתם אאוורטלי מסויד, ללא היצרות, דלף קל.  אנולוס מיטרלי מסויד, דלף מיטרלי קל, דלף טריקוספידלי קל עד בינוני, לחץ ריאתי מוגבר קלה לבינונית.",1,0.16
ProcedureSummary,"חדר שמאל בגודל תקין, הפרטרופי, התכווצות גלובלית תקינה, תבנית המילוי פסאודונורמאלית, חדר ימין בגודל ותפקוד תקין, עליה שמאלית מורחבת במידה קלה, טבעת מסתם מיטרלי מסוידת, אי ספיקה מיטרלית קלה, מסתם אאורטלי מסויד, אי ספיקה אאורטלית קלה, הצרות אאורטלית קשה, אי ספיקה טריקוספידלית קלה-בינונית, לחץ דם ריאתי מוגבר במידה קשה. ",1,0.16
ProcedureSummary,"חדר שמאלי בגודל תקין, התכווצותו הגלובלית ואיזורית תקינה, חדר ימני בגודל והתכווצות תקינה, מסתם אורטלי מסוייד ללא הצרות, מסתם מיטרלי מעובה וסוייד, אי ספיקה מיטרלית בינונית-קשה, סילון אקסנטרי אחורי, אי ספיקה טריקוספידלית בינונית עד קשה,  לחץ דם ריאתי מוגבר במידה בינונית, הגדלה קלה של העליה השמאלית, הגדלה של העליה הימנית. ",1,0.16
ProcedureSummary,"חדר שמאלי בגודל והתכווצות גלובלית ואיזורית תקינה, חדר ימין תקין בגודל ותפקוד,  מסתם אורטלי מסוייד מדגים הצרות קשה, אי ספיקה אורטלית קלה, טבעת המסתם המיטרלי מסויידת, אי ספיקה מיטרלית קלה, אי ספיקה טריקוספידלית קלה, לחץ דם ריאתי מוגבר במידה בינונית, הגדלה ביונית של העליה השמאלית, הגדלה של העליה הימנית.  הודגם תפליט פריקרדיאלי בכמות מינימלית.  יחס E/E' מתאים ללחצי מילוי גבוהים.של חדר שמאל.",1,0.16
ProcedureSummary,"חדר שמאל בגודל תקין, היפרטרופיה קלה, תפקודו הגלובלי תקין, חדר ימין בגודל ותפקוד תקין, הרחבה של עליה שמאלית, מסתם אאורטלי מסוייד, אי ספיקה אאורטלית קלה-בינונית, מסתם מיטרלי מסוייד, אי ספיקה מיטרלית קשה, אי ספיקה טריקוספידלית קלה-בינונית, לחץ דם ראתי מוגבר במידה קשה, תפליט פלאורלי מימין, גרפט באאורטה העולה ",1,0.16
ProcedureSummary,"חדר שמאלי בגודל והתכווצות גלובלית ואיזורית תקינה, דפנותיו מעובים  .  תבנית המילוי פסאודו-תקינה, חדר ימניעם התכווצות תקינה, מסתם אאורטלי מסויד, פתיחתו תקינה, אי ספיקה מיטרלית בינונית עד קשה. אי ספיקה טריקוספידלית מינימלית, יתר לחץ דם ריאתי קל, עליות מורחבות.",1,0.16
ProcedureSummary,"חדר שמאל עם חלל בגודל תקין, היפרטרופיה קלה של הדופנות, התכווצות גלובלית תקינה, ללא הפרעה אזורית . שתי עליות מורחבות. יתר ל""ד ראתי קל. ",1,0.16
ProcedureSummary,"חדר שמאלי מורחב במידה קשה, התכווצותו הגלובלית ירודה במידה בינונית עד קשה. ישנה אקינזיה תחתונה אחורי ולטרלית. ספטום היפרטרופי. לחצי מילוי גבוהים של חדר שמאל. חדר ימין תקין. מסתם אורטלי מעובה ומסוייד עם דליפה קלה עד בינונית. מסתם מיטרלי עם רסטריקציה של עלה אחורי, דליפה קשה אקסנטרית אחורית לטרלית. עובי העלים 4 מ""מ, קואופטציה נימדדה 4 מ""מ. ניראה כי עיקר הגט הינו מרכזי. (יכול להתאים ל MITRAL CLIP). דליפה קלה עד בינונית של מסתם טריקספידלי. עדות ליתר לחץ דם ריאתי בינוני, הגדלה בינונית של העליה השמאלית. הגדלה של עליה ימין. טרשת משמעותית באורטה היורדת. ",1,0.16
ProcedureSummary,"חדר שמאלי מורחב בינוני, עוביו תקין והתכווצות גלובלית מופחתת בינונית EF-37% - ראו ציור. תבנית המילוי פסודונורמלית. הפרעה דיאסטולית בינונית. חדר ימני מוגדל בינוני והתכווצות מופחתת במידה קלה. תפליט פריקרדיאלי קטן מאד מאחור. אי ספיקה מטרלית בינונית-קשה (בגבול קשה). אין קואפטציה של העלים הטריקוספידלים עם דלף קשה. הסתיידות מסתם אאורטלי עם דלף קל והצרות קשה מפל 40/25 AVA-0.8 סמ""ר. יש עדות ליתר לחץ דם ריאתי קל-בינוני 48 ממ""כ. הגדלה בינונית של העליה השמאלית וקלה של הימנית.   מומלץ להשיג בדיקת אקו קודמת (אין כאן) וייעוץ קרדיולוג.",1,0.16
ProcedureSummary,"חדר שמאלי בגודל תקין, היפרטרופיה של הספטום הבזלי, התכווצותו הגלובלית  תקינה ערה, תבנית המילוי פסאודונורמלית, עלייה שמאלית מוגדלת במידה בינונית, מסתם אורטלי מסוייד, הודגמה הצרות בינונית  של המסתם האורטלי, אי ספיקה אורטלית קלה, הודגם MAC, אי ספיקה מיטרלית קלה עד בינונית, אי ספיקה טריקוספידלית קלה , לחץ דם ריאתי מוגבר במידה בינונית קשה, הרחבה קלה של האורטה העולה.",1,0.16
ProcedureSummary,"חדר שמאל עם  חלל בגודל תקין , הספטום מעובה במידה קלה, תפקודו הסיסטולי הגלובלי של חדר שמאל ער ללא הפרעה אזורית ברורה. מודגמת חסימה דינמית מיד-ונטריקולרית (משנית לתפקוד הער) עם מפל סיסטולי מקסימלי מקסימלי של 36 ממ""כ (לא נצפה שינוי מהותי בולסלבה כנראה טכנית),תבנית  המילוי הדיאסטולי מתאימה להפרעה ברלקסציה  ,עליות בגודל תקין   חדר ימין בגודל ותפקוד תקינים ,לא ניתן להעריך ל""ד ריאתי בהעדר סיגנל TR   מסתם אאורטלי מסוייד ללא עדות לדלף או הצרות, אנולוס מיטראלי מסוייד במידה קשה , מפל לחצים דיאסטולי מעט מוגבר על פניו (מתאים להצרות קלה), מודגם דלף מיטראלי וטריקוספידלי מינימלי   ",1,0.16
ProcedureSummary,"חדר שמאלי בגודל תקין, היפרטרופיה של הספטום , התכווצות גלובלית תקינה, חדר ימני בגודל והתכווצות תקינה, מסתם אאורטלי מעובה, אי ספיקה אאורטלית ומיטרלית מינימלית , אי ספיקה טריקוספידלית קלה,לחץ דם ריאתימוגבר במידה קלה, העליה השמאלית מוגדלת במידה קלה, הודגם נוזל פריקרדיאלי בכמות בינונית עם שינויים רספרטוריים  משמעותיים של הזרימה המיטרלית. הIVC מורחב וללא קופס נשימתי.  לא הודגמו סימני לחץ על חדר ימין.   לאור השינויים ההמודינמים המתארים למעלה יש צורך למעקב אקוקרדיוגרפי צמוד.",1,0.16
ProcedureSummary,"חדר שמאלי תקין בגודלו , הספטום מעובה, תפקוד גלובלי תקין , נצפתה הפרעה קלה אינפרופוסטרובזלית שתוארה כבר בעבר. חדר ימני תקין בגודלו ובתפקודו.  טבעת מסתם מיטרלי מסוידת, אי ספיקה מיטרלית קלה אקסנטרית קדמית. מסתם האאורטלי מסויד ללא היצרות משמעותית. בהעדר אי ספיקה טריקוספידאלית לא ניתן להעריך לחץ ריאתי. עליה שמאלית מורחבת במידה בינונית.   לציין תוך כדי הבדיקה נצפו מספר פאוזות - לא ניתן לומר את אורכן. מומלץ הולטר לב בהקדם. ",1,0.16
ProcedureSummary,"בדיקה בוצעה בזמן פרפור.  חדר שמאלי בגודל תקין, דפנותיו בעובי תקין, ללא הפרעה איזורית בוחלטת. עליה שמאלית מורחבת במידה בינונית, עליה ימנית בגודל תקין. חדר ימין תקין בגודל ותפקוד. טבעת המסתם המיטרלית מסויידת, אי ספיקה קלה. מסתם אאורטלי מסוייד, פתיחתו טובה. באספקט החדרי של המסתם האאורטלי, ממצא חוטי ונייד מאוד, מתאים ל-strand. אי ספיקה טריקוספידלית קלה. לח""ד ריאתי תקין. ",1,0.16
ProcedureSummary,"חדר שמאל בגודל תקין, דפנותיו מעובות, תפקודו הסיסטולי הגלובלי תקין. הפרעה דיאסטולית דרגה 1. חדר ימין בגודל ותפקוד תקינים. עליה שמאל מורחבת. עלי מסתם אאורטלי מסויידים, דרך המסתם דלף קל עד בינוני עם הצרות קלה עד בינונית. אי ספיקה מיטרלית קלה וטריקוספידלית קלה עד בינונית. נימדד יתר לחץ דם ריאתי מוגבר במידה קלה. ",1,0.16
ProcedureSummary,"חדר שמאל בגודל תקין התכוצותו הגלובלית שמורה עם חשד להיפוקינזיה תחתונה ואחורית, תני המלוי פסאודו נורמלית, עליה שמאל מורחבת במידה קלה.   חדר ימין בגודל תקין עם תפקוד מופחת במידה עד בינונית  ,ל""ד ריאתי מוגבר במידה בינונית.   מסתם אאורטלי מסוייד ללא דלף או הצרות, הסתיידות טבעת המסתם המיטראלי, דלף מיטראלי מינימלי, דלף טריקוספידלי קל.   ",1,0.16
ProcedureSummary,"עליות מוגדלות במידה קלה. חדר שמאלי עם היפרטרופיה קלה, התכווצותו גלובלית ואיזורית תקינה.תבנית זרימה פסאודונורמלית, חדר ימני תקין בגודלו ותיפקודו. אי ספיקה מיטרלית קלה-בינונית, טריקוספידלית קלה. לחץ ריאתי מוגבר במידה קשה. הודגם נוזל פריקרדיאלי מינימלי ונוזל פלאורלי דו צדדי. ",1,0.16
ProcedureSummary,"חדר שמאל בגודל תקין,היפרטרופיה של הספטום הבזלי, ההתכווצותו הגלובלית ואיזורית היפרדינמית,תבנית מילוי מתאימה להפרעה דיאסטולית , עליה שמאלית מורחבת במידה בינונית, עליה ימנית מורחבת במידה קלה, טבעת של המסתם המיטרלי מסויידת במידה בינונית, עיבוי ממוקם בעלים של המסתם.  אי ספיקה מיטרלית קלה, מסתם אורטלי מעובה, אי ספיקה אורטלית מזערית, אי ספיקה טריקוספידלית קלה, לחץ דם ריאתי מוגבר במידה בינונית, הודגם מפל לחצים דינמי בתוך חדר שמאלי, המתגבר בVALSALVA עד 40 ממיכ, הודגם נוזל פריקארדיאלי בכמות מינימלית.  יש חשד לסטרוקטורה סולידית בצמוד לחלק הצדדי אפיקלי של חדר שמאל שלא גורם ללחץ על הלב.  הממצאים באקו לא מחזקים את החשד של אמילוידוסיס",1,0.16
ProcedureSummary,"בדיקה באיכות טכנית מאוד ירודה לא אבחנתית ברובה. אין תמונות ראויות ממנח אפיקלי והאפקס  וחדר ימין לא הודגמו .   במגבלות הבדיקה רושם כי תפקוד חדר שמאל ירוד במידה קשה עם אקינזיה ספטאלית נרחבת , קדמית ואחורית (ראה תרשים. כאמור אפקס לא נצפה).   לא ניתן להתייחס לתפקוד חדר ימין וגודלו. הודגם ל""ד ריאתי מוגבר במידה קשה.   מסתם אאורטלי מסוייד ללא עדות לדלף, דלף מיטראלי וטריקוספידלי קל עד בינוני.  הIVC מורחב ללא תמט נשימתי.   ממליץ לחזור על הבדיקה עם מכשיר אחר לנסות לשפר את איכות ההדמיה מאחר וכאמור הבדיקה ברובה אינה אחנתית    ",1,0.16
ProcedureSummary,"חדר שמאל בגודל תקין, התכווצותו הגלובלית ירודה במידה קלה לבינונית עם התכווצות אסיכרונית משנית ל CLBBB, אין בידי בדיקה להשוואה, חדר ימין בגודל ותפקוד תקינים, הרחבה קלה של עליה שמאלית, אי ספיקה מיטרלית קלה עד בינונית, אי ספיקה טריקוספידלית מינימלית, עדות ליתר לחץ דם ריאתי קל.  נוזל פריקרדיאלי בכמות קלה, IVC מורחב ללא קולפס נשימתי. אין שינויים נשימתיים בזרימות על פני מסתם מיטרלי. ",1,0.16
ProcedureSummary,"חדר שמאל בגודל תקין, ספטום בזלי היפרטרופי, התכווצותו הגלובלית ירודה במידה בינונית עם אקינזיה אפיקלית נרחבת, קדמית וספטאלית, רושם להיפוקינזיה לטראלית (ראה תרשים). תבנית המלוי הדיאסטולי פסאודונורמלית, עליה שמאל מורחבת במידה קלה.    חדר ימין בגודל ותפקוד תקינים עם ל""ד ריאתי מוגבר במידה קשה.  מסתם אאורטלי מסוייד, היצרות קלה, אי ספיקה אאורטלית מינימלית, אי ספיקה מיטרלית קלה, אי ספיקה טריקוספידלית קלה עד בינונית.   מודגמים תפליטים פלאורליים גדולים דו""צ. ",1,0.16
ProcedureSummary,"פרפור פרוזדורים 110 לדקה   הדמיה קשה מאד טכנית   חדר שמאל בגודל תקין , תפקודו הגלובלי מופחת במידה כנראה קלה-בינונית ללא הפרעה איזורית בולטת, חדר ימין מורחב במידה קלה, תפקודו מופחת במידה בינונית, מסתם אאורטלי מסוייד, אי ספיקה אאורטלית קלה, אי ספיקה מיטרלית קלה-בינונית, אי ספיקה טריקוספידלית קלה, לחץ דם ראתי מוגבר במידה קלה ",1,0.16
ProcedureSummary,"חדר שמאלי בגודל תקין, התכווצותו הגלובלית שמורה, היפוקינזיה תחתונה אחורית בזלית ואסינכרוניה ספטו אפיקלית יתכן משניים להפרעת ההולכה. תבנית המילוי מעידה על הפרעה ברלקסציה. חדר ימין תקין בגודל ותפקוד, מסתם אורטלי מסוייד עם הצרות בינונית עד קשה, אי ספיקה אורטלית מינימלית, מסתם מיטרלי מסוייד קלות בעיקר עלה קידמי עם אי ספיקה מיטרלית קלה, אי ספיקה טריקוספידלית מינימלית, אין עדות ליתר לחץ דם ריאתי, ללא הגדלה של העליה השמאלית.",1,0.16
ProcedureSummary,"הבדיקה בוצעה בשכיבה, הנבדק לאחר השתלת קוצב מאתמול.  חדר שמאלי מעט מורחב, דפנותיו בעובי תקין, תפקודו הגלובלי והאזורי מופחת במידה בינונית-קשה. חדר ימין ברוחב תקין, תפקודו בגבול הנורמה. פרוזדור שמאלי מורחב. מסתם אאורטלי מסויד ומוצר, שטח מחושב כ 1.3 סמ""ר.  אנולוס מיטרלי מסויד, דלף מיטרלי קל -בינוני. דלף טריקוספידלי קל. לחץ ריאתי מוגבר במידה קלה.   הודגם קוצב בחללי הלב הימני, הודגם תפליט פלאורלי מימין.  הודגמה ציסטה בכבד.",1,0.16
ProcedureSummary,"חדר שמאל בגודל תקין, התכווצותו הגלובלית ,תקינה עם אקינזיה אינפרובזלית, דפנותיו מעובים במידה קלה (יותר הספטום). עליה שמאלית  מורחבת במידה קלה. אי ספיקה מטרלית מינימלית.  ",1,0.16
ProcedureSummary,"חדר שמאלי מורחב עם התכווצות גלובלית מופחתתבמידה בינונית, אקינזיה רחבה אינפריורית, אחורית לטרלית, ספטום מעובה, חדר ימני מעט מורחב והיפוקינטי, אי ספיקה מיטרלית קשה, עקב רטרקציה של העלה האחורי, קוטר האנולוס 3.7 סמ במנח 4 מדרים, אי ספיקה טריקוספידלית קלה עד בינונית עם יתר לחץ דם ריאתי ניכר, הרחב של IVC. עליה שמאלית מורחבת.",1,0.16
ProcedureSummary,"חדר שמאלי מורחב, הפרטרופי, תפקודו הגלובלי והאזורי מופחת במידה קשה. השטחה של הספטום בדיאסטולה.   חדר ימין מורחב ומופחת מאוד בתפקודו. פרוזדורים מורחבים.  מסתם אאורטלי מסויד, פתיחתו מאוד מוגבלת, היצרות קשה , שטח מסתם מחושב כ- 0.6 סמ""ר, דלף אאורטלי קל.  מסתם מיטרלי תותב , הודגם דלף מיטרלי כנראה קל+.  הודגם דלף טריקוספידלי   קשה, לחץ ריאתי מוגבר במידה קשה  הודגם תפליט פלאורלי קטן מימין, ואציטס.  הודגמה אלקטרודת הקוצב מימין.  ",1,0.16
ProcedureSummary,"הדמיה קשה טכנית, חדר שמאל בגודל ותפקוד תקין , חדר ימין מורחב תפקודו שמור, הרחבה של עליה שמאלית, מסתם אאורטלי מסוייד, פתיחתו מוגבלת, היצרות אאורטלית  בינונית-קשה (שטח מסתם מתאים להיצרות קשה, מפל לחצים לא בהתאמה כנראה ביטוי לנפח פעימה נמוך בגלל דליפה טריקוספידלית ), אי ספיקה מיטרלית קלה, אי ספיקה טריקוספידלית קשה, IVC מורחב עם היפוך זרימה סיסטולי בורידי הכבד,  לחץ דם ראתי מוגבר במידה בינונית.   ממליץ ביצוע TEE להערכה נוספת של חומרת ההיצרות במסתם האאורטלי",1,0.16
ProcedureSummary,"בדיקה באיכות טכנית ירודה מאוד. הדמיה מאוד מוגבלת   הרחבה קלה של האורטה העולה. עליה שמאלי  מורחבת. חדר ימין תקין. חדר שמאל ברוחבתקיקן עם תפקוד גלוןבלי שמור. היפוקינזיה ספטלית. מסתם אורטלי מעובה עם דלף קל. אס""ק מיטרליתקלה. לא ניתן להעריך לחץ ריאתי. לא ניתץן לקבוע תפקוד דיאסטולי. שומן פריקרדאלי בולט.",1,0.16
ProcedureSummary,"חדר שמאל מורחב עם תפקוד גלובלי ירוד במידה קשה באופן דיפוזי, חדר ימין מורחב עם תפקוד יירוד במידה קשה, הרחבה של עליה שמאלית וימנית, מסתם אאורטלי מסוייד עם היצרות קשה, יתכן PSEUDO SEVERE AS בשל LOW CO, אם כי מראה המסתם חולה, אי ספיקה אאורטלית מינימלית, טבעת המסתם מיטרלית מסויידת, אי ספיקה מיטרלית קלה עד בינונית, אי ספיקה טריקוספידלית קלה עד בינונית, לחץ דם ריאתי מוגבר במידה קשה.  נוזל פלאורלי גדול משמאל.",1,0.16
ProcedureSummary,"חדר שמאלי בגודל והתכווצות גלובלית ואיזורית היפרדינמית. השטחה סיסטולית של ספטום בינחדרי כביטוי למעמסת לחץ על חדר ימין. חדר ימין מורחב במעט עם ירידה קלה עד בינונית בתיפקודו. לחצי מילוי גבוהים של חדר שמאל. דליפה מינימלית של מסתם מיטרלי וקלה של טריקספיד. עדות ליתר לחץ דם ריאתי קשה, הגדלה קלה של העליה השמאלית והימנית. IVC מורחב עם ירידה בשינויים הנשימתיים וזרימה הפוכה בורידי הכבד. מעט נוזל פריקרדיאלי. ",1,0.16
ProcedureSummary,"חדר שמאלי בגודל והתכווצות גלובלית ואיזורית תקינה, חדר ימני בגודל והתכווצות תקינה, מסתם אורטלי מעט מסוייד, אי ספיקה מיטרלית קלה, אס""ק טריקוספידלית קלה, לחץ דם ריאתי מוגבר במידה קלה, הגדלה קלה של העלייה השמאלית. תבנית מילוי פסוידו נורמלית. חשד לנוזל פלוירלי משמאל.",1,0.16
ProcedureSummary,"חדר שמאלי ברוחב תקין, דפנותיו בעובי תקין, תפקודו הגלובלי והאזורי תקינים.  חדר ימין מעט מורחב, תפקודו שמור. פרוזדור ימין מוגדל מינימלית.  מסתם אאורטלי מסויד, הצרות אורטלית קלה ודלף קל. אנולוס מיטרלי מסויד, הודגם דלף מיטרלי קל, דלף טריקוספידלי מינימלי, לחץ ריאתי מוגבר במידה קלה.  ",1,0.16
ProcedureSummary,"חדר שמאל בגודל תקין, התכווצותו הגלובלית שמורה, אסינכרונית, ביפוקינזיה אפיקוספטלית, חדר ימין תקין, הודגמה אלקטרודת קוצב בלב ימני, עליה שמאלית מורחבת במידה קלה, אי ספיקה מיטרלית קלה, אי ספיקה טריקוספידלית קלה עד בינונית, לחץ דם ריאתי מוגבר במידה קלה ",1,0.16
ProcedureSummary,"הבדיקה בוצעה בשכיבה על הגב   חדר שמאל עם חלל בגודל תקין, הספטום מעובה במידה קלה,תפקודו הסיסטולי הגלובלי של חדר שמאל ירוד במידה קלה עם אקינזיה אפיקלית, תבנית  המילוי הדיאסטולי מתאימה להפרעה ברלקסציה ,עליות בגודל תקין   חדר ימין בגודל ותפקוד תקינים ,לא ניתן להעריך ל""ד ריאתי בהעדר סיגנל TR   מסתם אאורטלי מסוייד עם דלף מינימלי ללא הצרות, אנולוס מיטראלי מסוייד ללא הצרות, דלף מיטראלי וטריקוספידלי מינימלי. ",1,0.16
ProcedureSummary,"חדר שמאלי בגודל תקין, התכווצותו הגלובלית ואיזורית תקינה, תבנית המילוי פסאודו נורמלית, חדר ימני בגודל והתכווצות תקינה, מפל לחצים מוגבר במדה מינימלית על פני המסתם האורטלי. טבעת המסתם המיטרלי מסויידת   עם מפל לחצים מוגבר על פניו במידה קלה-בינונית, אי ספיקה מיטרלית קלה, אי ספיקה טריקוספידלית קלה-בינונית, לחץ דם ריאתי מוגבר במידה בינונית, הגדלה קלה של העליה השמאלית ושל העליה הימנית.  IVC מורחב ללא תמת נשימתי.  הודגמה אלקטרודת קוצב בחללים ימניים.נוזל פריקרדיאלי בכמות קטנה",1,0.16
ProcedureSummary,"חדר שמאלי מעובה, בגודל והתכווצות גלובלית ואיזורית תקינה, תבנית המילוי פסאודו - תקינה, חדר ימני מעט מורחב והיפוקינטי,  אי ספיקה מיטרלית וטריקוספידלית קלה עד בינונית,  עדות ליתר לחץ דם ריאתי קל,  הגדלה קלה  של העליה השמאלית והימנית, הרחבה קלה של האורטה העולה.  ",1,0.16
ProcedureSummary,"חדר שמאל מורחב במידה קלה, דפנותיו מעובים ,תפקודו הגלובלי ירוד במידה  קשה, בולטת יותר אקינזיה פוסטריורית,ספטלית ולטרלית. חדר ימין מורחב, תפקודו ירוד במידה קשה, עליה שמאלית מורחבת בינונית. עליה ימנית מורחבת במידה קלה. מסתם אורטלי מסוייד, מחלה משולבת של היצרות ביונית עד קשה ודליפה קשה, אנולוס מיטרלי מסוייד, דלף בינוני. אי ספיקה טריקוספידלית בינונית. לחץ דם ריאתי מוגבר במידה קשה. IVC ברוחב תקין קולפס חלקי. זרימה פהוכה בורידי הכבד, הודם נוזל פריקרידאלי מנימלי. נוזל פלאורלי מימין ומשמאל.",1,0.16
ProcedureSummary,"חדר שמאל ברוחב תקין, תפקודו הגלובלי מופחת במידה  קלה-בינונית. אקינזיה פוסטריורית ואינפריורית, היפוקיניזה לטרלית וספטלית,  עקומת המילוי מתאימה לרלקסציה מופחתת. חדר ימין בגודל ותפקוד תקין,  עלי המסתם המיטרלי מעובים, האנולוס המיטרלי מסוייד. דליפה מיטרלית קלה, דליפה טריקוספידלית קלה עם עדות ליתר לחץ דם ריאתי קל,  עליה שמאלית מורחבת במידה קלה.",1,0.16
ProcedureSummary,"חדר שמאל בגודל תקין, היפרטרופיה קלה של הספטום הבזלי, ההתכווצותו הגלובלית והאיזורית תקינה, אי ספיקה מיטרלית וטריקוספידלית מינימלית, חדר ימין תקין בגודלו ותפקודו, IVC תקין, עם תמט נשימתי מלא, אין עדות ליתר לחץ דם ריאתי.",1,0.16
ProcedureSummary,"חדר שמאלי בגודל והתכווצות גלובלית ואיזורית תקינה. דפנותיו  מעובים קונצנטרית  קל לבינוני.  תבנית המילוי מדגימה הפרעה קלה בהרפיה.   חדר ימני בגודל והתכווצות תקינה. טבעת מסתם מיטרלי  מסויידת קל לבינוני. עלימסתם מטראלי סקלרוטים ודרכם אי ספיקה קלה. שלושת עלי מסתם אאורטלי מסויידים ומעובים קל,  פתיחתם טובה, דרכם אי ספיקה קלה+ מאיזור קואפטציה של העלים.  אי ספיקה טריקוספידלית קלה לבינונית, לחץ ריאתי מוגבר במידה בינונית. הרחבה של הפרוזדורים. תפליט פריקרדיאלי בכמות מינימלית. ",1,0.16
ProcedureSummary,"חדר שמאלי מורחב, ספטום בזלי מעובה, תפקודו הגלובלי מופחת במידה קשה. הודגמה אקינזיה של רוב הדפנות פרט לחלקים בזלים. לחצי מילוי מוגברים של חדר שמאל. חדר ימין ברוחב תקין, תפקודו מופחת. פרוזדורים מורחבים. מסתם אורטלי מעט מסויד, דלף קל. שורש האורטה והאורטה העולה מורחבים. עלה קדמי מיטרלי מסויד, דלף מיטרלי דרגה 2 לפחות. הודגם דלף טריקוספידלי קל עד בינוני, לחץ ריאתי מוגבר במידה ניכרת. הודגם תפליט פלאורלי מימין.",1,0.16
ProcedureSummary,"חדר שמאל בגודל תקין, התכווצות גלובלית תקינה, עליה שמאלית מורחבת במידה קלה, חללי הלב ימניים תקינים, אי ספיקה מיטרלית קלה, אי ספיקה טריקוספידלית בינונית, לחץ דם ריאתי מוגבר במידה בינונית, נוזל פריקרדיאלי בכמות מינימלית, לא הודגמו ווגטציות. ",1,0.16
ProcedureSummary,"חדר שמאל תקין בגודלו ותיפקודו, הספטום מעובה מעט, חדר ימין תקין בגודלו ותיפקודו, עליה שמאלית תקינה, עלי מסתם אורטלי ומיטרלי מסויידים פתיחתם תקינה, אי ספיקה מיטרלית קלה לבינונית וטריקוספידלית קלה, תבנית מילוי מתאימה להפרעה ברלקסציה, נוזל פריקרדיאלי בכמות קטנה לבינונית.",1,0.16
ProcedureSummary,"עליה שמאלית מורחבת. חדר ימין תקין. חדר שמאל אינו מורחב, תפקוד גלובלי ירוד במדיה קשה , אקינזיה אחורית, לטרלית, אינפרןןו בזלית, אפיקלית. השאר היפוקינטי. הסתיידות קלה של הטבעת המיטרלית ושל המסתם האורטלי. אס""ק מיטרלית קלה. אס""ק טריקוספידלית מינימלית. לחץ ריאתי מוגבר בינוניתן. תבנית מילוי פסוידו-תקינה.",1,0.16
ProcedureSummary,"חדר שמאל מורחב במידה בינונית,  הפרטרופי, תיפקוד ירוד במידה בינונית-קשה , תבנית המילוי רסטרקטיבית,  עליות מורחבות במידה קלה, חדר ימני מורחב עם תיפקוד מופחת במידה בינונית ,  טבעת מסתם  מיטרלי מסוידת, אי ספיקה מיטרלית קלה, אי ספיקה טריקוספידלית  בינונית, לחץ דם ריאתי מוגבר במידה בינונית.",1,0.16
ProcedureSummary,"חדר שמאל בגודל ותפקוד תקין,   חדר ימין בגודל ותפקוד תקין,  עליה שמאלית מורחבת במידה קלה,  מסתם אאורטלי מעובה,  אי ספיקה אאורטלית קלה,  אי ספיקה מיטרלית קלה,  תבנית המילוי פסאודונורמאלית,  אי ספיקה טריקוספידלית מינימלית,  לא הודגמה עקומת TR להערכת לחץ דם ראתי,  תמונה אקוקרדיוגרפית לא מעלה חשד לעמילואידוזיס ",1,0.16
ProcedureSummary,"חדר שמאלי ברוחב תקין, היפרטרופי במידה קלה, התכווצותו גלובלית ואיזורית תקינה. תבנית זרימה מתאימה להפרעה ברלקסציה. היפרטרופיה קלה של הספטום הבזלי. חדר ימני תקין בגודלו ותיפקודו. אי ספיקה מיטרלית קלה. מסתם אורטלי מסוייד קלות ללא היצרות משמעותית. אי ספיקה טריקוספידלית מינימלית. לחץ ריאתי תקין. עליה שמאלית מוגדלת במידה קלה. ",1,0.16
ProcedureSummary,"בדיקה בוצעה בשכיבה על צד ימין, חדר שמאל בגודל תקין, היפרטרופי, התכווצותו הגלובלית והאזורית תקינה, חדר ימין תקין, עליה שמאלית מורחבת במידה קלה, מסתם אאורטלי מעובה, אי ספיקה מיטרלית וטריקוספידלית מינימלית, בשל סיגנל TR קלוש לא ניתן להעריך לחץ דם ריאתי, הודגמה מיימת עם ממצא אקוגני בולט בתוכו במנח הSUBCOSTAL. ",1,0.16
ProcedureSummary,"מהקשה טכנית, חדר שמאלי בגודל  תקין, היפרטרופיה קלה של הספטום, התכווצות גלובלית ואיזורית תקינה, תבנית המילוי מתאימה להפרעה ברילקסציה, חדר ימני בגודל והתכווצות תקינה,  מסתם אורטלי מסויד עם הצרות קלה, מסתם מיטרלי מסוייד קלות עם דלף מזערי, דלף טריקוספידלי מזערי, לא ניתן להעריך לחץ דם ריאתי ללא עקומת דופלר,  הגדלה קלה של העליה השמאלית.",1,0.16
ProcedureSummary,"חדר שמאלי ברוחב תקין, עובי דפנותיו מעט מעובים, תפקודו הגלובלי והאזורי תקין. חדר ימין ברוחב ותפקוד תקין. פרוזדור שמאלי מורחב במידה קלה. אנולוס מיטרלי מעט מסויד, דלף מיטרלי מינימלי. הודגם דלף טריקוספידלי קל, לחץ ריאתי מוערך כתקין.",1,0.16
ProcedureSummary,"חדר שמאלי בגודל והתכווצות גלובלית ואיזורית תקינה,חדר ימין בגודל ותפקוד תקין, אי ספיקה טריקוספידלית מינימלית, אס""ק טריקוספידלית מינימלית, אין עדות ליתר לחץ דם ריאתי, ללא הגדלה של העליה השמאלית.  ",1,0.16
ProcedureSummary,"חדר שמאלי בגודל תקין, התכווצות גלובלית ירודה במידה קלה-בינונית עם אקינזיה ספטו-אפיקלית והיפוקינזיה של שאר הדפנות, וריאבליות גדולה בין הפעימות משנית לפרפור פרוזדורים עם היענות חדרית מהירה. חדר ימני בגודל תקין, התכווצותו ירודה במידה קלה, אי ספיקה אורטלית קלה, אי ספיקה מיטרילית בינונית-קשה, אי ספיקה טריקוספדלית בינונית-קשה, לחץ דם ריאתי מוגבר במידה בינונית, הגדלה של העליה השמאלית. הודגם נוזל פריקרדיאלי בכמות קטנה, הודגם נוזל פלאורלי משמאל.",1,0.16
ProcedureSummary,"חדר שמאלי מורחב עם התכווצות גלובלית מופחתת במידה בינונית, אקינזיה אפיקלית ספטלית, היפוקינזיה אינפריורית, פרפור עליות, חדר ימני מעט מורחב והיפוקינטי, מסתם מיטרלי מעובה אנולוס מסויד, אי ספיקה מיטרלית קשה, אי ספיקה טריקוספידלית בינונית קשה, עליות מורחבות (בעיקר הימנית), יתר לחץ דם ריאתי ניכר, IVC  עם וריאציה נשימתית מופחתת, חשד לטומבוס בחוד, תפליט פלאורלי מימין. ",1,0.16
ProcedureSummary,"בדיקה קשה מאוד טכנית. חדר שמאל מורחב, היפרטרופי , התכווצות גלובלית ירודה במידה בינונית, אקינזיה אפיקלית, לטרלית, אינפרפוסטרו-בזלית, מסתם אאורטלי מסוייד עם הצרות קלה על פניו, אי ספיקה אאורטלית קלה+, אי ספיקה מיטרלית וטריקוספידלית קלה, לחץ דם ריאתי מוגבר במידה בינונית, העליה השמאלית וימנית  מוגדלות במידה בינונית, חדר ימין מורחב, תפקודו שמור, הרחבה של סינוסים אאורטליים והעאאורטה העולה.",1,0.16
ProcedureSummary,"  חדר שמאלי ברוחב תקין, דפנותיו בעובי תקין, תפקודו הגלובלי  תקין. חדר ימין ברוחב ותפקוד תקין. פרוזדורים ברוחב תקין. אנולוס מיטרלי מסוייד, דלף מיטרלי מינימלי, דלף טריקוספידלי קל עד בינוני, לחץ ריאתי מוגבר במידה קלה. לא הודגם תפליט פריקרדיאלי",1,0.16
ProcedureSummary,"חדר שמאלי בגודל והתכווצות גלובלית ואיזורית תקינה, דפנותיו מעובים במידה קלה.  חדר ימני בגודל והתכווצות תקינה, הסתיידות קלה של האנולוס מיטרלי, אי ספיקה מיטרלית וטריקוספידלית מינימלית , אין עדות ליתר לחץ דם ריאתי, ללא הגדלה של העליה השמאלית.",1,0.16
ProcedureSummary,"חדר שמאלי בגודל תקין ,היפרטרופיה קלה של הספטום,תפקוד גלובלי מופחת במידה קשה מאוד, ראה פיזור אזורי, תבנית המילוי רסטרקטיבית, חדר ימני  מורחב עם תפקוד מופחת במידה קלה,  דלף אורטלי מיטרלי וטריקוספידלי מינימלי, לחץ דם ריאתי מוגבר במידה קלה, עליות  מורחבות במידה קלה, הודגם נוזל פלאורלי מימין,",1,0.16
ProcedureSummary,"רוחב חדר שמאלי בגבול עליון של הנורמה ברוחבו, הפרטרופי, תפקודו הגלובלי מופחת במידה קלה. הודגמה אקינזיה אנפרובזלית. סימנים בעקומת המילוי ללחצי מילוי מוגברים. חדר ימין ברוחב ותפקוד תקין. פרוזדור שמאלי מורחב במידה בינונית והימני במידה קלה.   הודגם דלף מיטרלי  עד בינוני, דלף טריקוספידלי קל, לחץ ריאתי מוגבר במידה בינונית.   הנבדק מחובר לחמצן.",1,0.16
ProcedureSummary,"חדר שמאלי מורחב, התכווצותו הגלובלית מופחתת במידה קשה, היפוקינזיה דיפוזית, אקינזיה אפיקלית, לא הודגם טרומבוס אפיקלי, חדר ימני בגודל והתכווצות תקינה, אי ספיקה מיטרלית מינימלית, אי ספיקה טריקוספידלית מינימלית, לא ניתן להעריך לחץ דם ריאתי ללא עקומת TR , הגדלה קלה של העליה השמאלית.",1,0.16
ProcedureSummary,"איכות הדמיה מוגבלת   חדר שמאל בגודל תקין ,תפקודו הסיסטולי הגלובלי תקין ללא הפרעה אזורית , לא ניתן לקבוע תפקוד דיאסטולי,עליות בגודל תקין   חדר ימין בגודל ותפקוד תקינים ,לא ניתן להעריך ל""ד ריאתי בהעדר סיגנל TR   מבנה ותפקוד המסתמים תקין . ללא עדות לוגטציות בטכניקה זו (עם איכות הדמיה סבירה של המסתמים) ",1,0.16
ProcedureSummary,החדר השמאלי ברוחב תקין ועובי דופנותיו תקין והתכווצותו תקינה.   החדר הימני בגודל תקין והתכווצותו תקינה.  הפרוזדורים בגודל תקין.  פתיחת המסתמים תקינה. אי ספיקה טריקוספידלית מזערית.  הלחץ הריאתי מוגבר במידה בינונית.   לא הודגם נוזל פריקרדיאלי.,1,0.16
ProcedureSummary,"חדר שמאלי מעט מעובה, בגודל והתכווצות גלובלית ואיזורית תקינה, תבנית המילוי מתאימה להפרעה ברלקסציה, אי ספיקה מיטרלית ואורטלית קלה, אין עדות ליתר לחץ דם ריאתי, ללא הגדלה של העליה השמאלית. ללא תפליט פריקרדיאלי.",1,0.16
ProcedureSummary,"חדר שמאל מורחב במידה קלה, היפרטרופי, תפקודו הגלובלי שמור. הפרעה דיאסטולית דרגה 2. חדר ימין בגודל ובתפקוד תקין. מסתם אאורטלי תקין. דלף מיטרלי קל וטריקוספידלי מיזערי. לא נימדד יתר לחץ דם ריאתי. תפליט פריקרדיאלי מיזערי.   ",1,0.16
ProcedureSummary,"חדר שמאל בגודל תקין, ספטום מעובה, התכווצותו הגלובלית והאזורית תקינה, חדר ימין תקין, עליה שמאלית מורחבת במידה קלה, אי ספיקה מיטרלית קלה, אי ספיקה טריקוספידלית קלה, לחץ דם ריאתי מוגבר במידה בינונית, יכול להתאים ללחצי מילוי גבוהים של חדר שמאל, הודגם תפליט פריקרידיאלי בכמות בינונית עד גדולה עם שינויים נשימתיים בעקומת הזרימות המיטרלית IVC מורחבת עם קולפס חלקי, ללא לחץ על חדר ימין.",1,0.16
ProcedureSummary,"חדר שמאלי בגודל תקין, היפרטרופי, התכווצותו הגלובלית ואיזורית תקינה, חדר ימני בגודל והתכווצות תקינה, טבעת המסתם המיטרלי מסויידת, אי ספיקה מיטרלית קלה, אי ספיקה טריקוספידלית קלה,  לחץ דם ריאתי מוגבר במידה בינונית, הגדלה קלה של העליה השמאלית.",1,0.16
ProcedureSummary,"חדר שמאלי בגודל והתכווצות גלובלית ואיזורית תקינה, תבנית מילוי מתאימה להפרעה ברלקסציה, חדר ימני בגודל והתכווצות תקינה, אי ספיקה אורטלית מינימלית, אי ספיקה מיטרלית מינימלית, אי ספיקה טריקוספידלית מינימלית, לחץ דם ריאתי תקין, הגדלה קלה של העליה השמאלית.",1,0.16
ProcedureSummary,"חדר שמאל בגודל תקין, דפנותיו מעובים קל לבינוני. תפקוד ססטלי גלובלי ואיזורי תקין. עקומת מילויי רסטרקטיבית של חדר שמאל. שתי העליות מוגדלות. עיבויי של מחיצה בין עלייתית.  חדר ימין בגודל תקין עם עיבויי של דופן חופשית, התכווצותו  תקינה.  הסתיידות  בינונית של טבעת מסתם מטראלי. עלי מסתם מטראלי סקלרוטים, דרכם אי ספיקה בינונית. עלי מסתם אאורטלי סקלרוטים קל, דרכם אי ספיקה טריויאלית. דלף טריקוספיד בינוני. לחץ ריאתי מוערך מוגבר בחומרה קשה. הודגם תפליט פריקרדיאלי בכמות קטנה לבינונית עם  ממצא שמתאים לשכבת פיברין בחלל הפריקרד. הודגם נוזל פלאורלי.",1,0.16
ProcedureSummary,"בדיקה קשה מבחינה טכנית  חלל חדר שמאל בגודל תקין, היפרטרופי, התכוצותו הגלובלית תקינה. לא נצפו הפרעות משמעותיות בהתכווצות האזורית. חדר ימין תקין. עקומת המילוי מתאימה להפרעה ברלקסציה. מסתם אורטלית מסויד עם הצרות קלה מאד. אנולוס מיטרלי מעט מסויד,אי ספיקה מיטרלית מינימלית. אי ספיקה טריקוספידלית מינימלית. לחץ דם ריאתי תקין. עליה שמאלית מורחבת במידה קלה.",1,0.16
ProcedureSummary,"חדר שמאל ברוחב תקין, היפרטרופי, ההתכווצות  הגלובלית תקינה, יש  להיפוקינזיה אינפרובזלית באזור קטן. הזרימה הדיאסטולית על המסתם המיטלי מתאימה להפרעה דיאסטולית. חדר ימין בגודל ובתפקוד תקין. עליה שמאלית מורחבת במידה בינונית. המסתם האאורטלי מסוייד בלי היצרות . האנולוס המיטרלי מסוייד, דליפה טריקוספידלית קלה, עדות ליתר לחץ דם ריאתי בחומרה בינונית.",1,0.16
ProcedureSummary,"חדר שמאל בגודל תקין , תפקודו הסיסטולי הגלובלי מופחת במידה קשה עם אקינזיה אחורית , לטראלית , תחתונה ואפיקלית (ראה תרשים) ,לא ניתן לקבוע תפקוד דיאסטולי, עליה שמאל מורחבת במידה קלה.   חדר ימין בגודל ותפקוד תקינים, לא ניתן להעריך ל""ד ריאתי בהעדר סיגנל TR מספק.   מבנה ותפקוד המסתמים תקין. ",1,0.16
ProcedureSummary,"הדמיה קשה טכנית, מטופל לא משתף פעולה.  חדר שמאלי בגודל תקין, דפנותיו מעובים במידה קלה, התכווצות גלובלית ואיזורית תקינה, תפקוד דיאסטולי תקין, חדר ימני בגודל והתכווצות תקינה, אי ספיקה מיטרלית וטריקוספידלית מינימלית, אין עדות ליתר לחץ דם ריאתי, הגדלה קלה של העליה השמאלית. לא הודגמו וגטציות בבדיקה הנוכחית. ",1,0.16
ProcedureSummary,"חדר שמאלי בגודל תקין, דפנותיו מעובות. התכווצותו הגלובלית והאיזורית תקינה, חדר ימני מורחב במידה בינונית , התכווצות ירודה במידה קשה, אי ספיקה אאורטלית מינימלית, אי ספיקה מיטרלית קלה, אי ספיקה טריקוספידלית בינונית,   לחץ דם ריאתי מוגבר במידה קשה, הגדלה של העליות.  נוזל פריקרדיאלי בכמות בינונית-קשה , לא הודגם תמט של החדרים הימנים, תפליט פלאורלי דוצ ",1,0.16
ProcedureSummary,"חדר שמאלי בגודל תקין, הספטום מעובה במידה קלה. התכווצות גלובלית תקינה, לא הפרעה איזורית שמודגמת חד משמעית.   מסתם האאורטלי מעט מעובה, פתיחה תקינה. אי ספיקה מיטרלית קלה. אי ספיקה טריקוספידאלית קלה. לחץ ריאתי מוגבר במידה קלה.   הגדלה קלה של העליה השמאלית.",1,0.16
ProcedureSummary,"הבדיקה בוצעה בשכיבה על הגב, הנבדקת מחוברת לחמצן, לא רגועה.  חדר שמאלי ברוחב תקין,  ספטום מעט מעובה, תפקודו הגלובלי  של חדר שמאלי שמור ללא הפרעה אזורית, חדר ימין ברוחב ותפקוד תקין. פרוזדור שמאלי מעט מורחב. הודגם דלף מיטרלי מינימלי.  הודגם תפליט פריקרדיאלי קטן עד בינוני, הודגמו שינויים רספירטורים.  הודגם תפליט פלאורלי דו צדדי.",1,0.16
ProcedureSummary,בדיקה באיכות טכנית ירודה. חדר שמאל בגודל תקין התכוצותו הגלובלית תקינה. חדר ימין בגודל ותפקוד תקין. עליה שמאלית תקינה.הסתיידות טבעת מסתם מיטרלי.תבנית מילוי עם הפרעה ברלקסציה.,1,0.16
ProcedureSummary,"חדר שמאל בגודל תקין. עיבויי קל של דפנותיו. תפקוד ססטולי גלובלי בתחום נמוך של המורמה. היפוקינזיה קלה של דופן צדדית ואחורית.  עליה שמאל מוגדלת קל. חללים ימניים בגודל ותפקוד תקין. עלי מסתם מטראלי סקלרוטים קלות, פתיחתם טובה, דרכם אי ספיקה עם סילון אקסצנטרי בעל נטיה אחרוית-צדדית בחומרה בינונית לפחות. תיתכן תת הערכה של חומרת אי הספיקה עקב אקסצנטריות הסילון. לציין בדיקה בנוכחות לחץ דם ססטולי 204 ממ""כ. מסתם אאורטלי תקין במבנהו ובתפקודו. זרימות דופלר תקינות דרך מסתם ראתי. אי ספיקה טריקספידלית מינימלית. לא ניתן להעריך לחץ ריאתי עקב סגנל דופלר קלוש דרכו. הודגם תפליט פריקרדיאלי בכמות קטנה סביב הלב. אין  תמט דיאסטולי של חללים ימניים. וריד נבוב תחתון לא מורחב ומדגים תמט נשימתי - ממצא תקין. אאורטה העולה לא מורחבת. הודגמו תפליטים פליאורלים משמעותיים דו""צ. ",1,0.16
ProcedureSummary,"חדר שמאל בגודל תקין, ספטןום מעט מעובה, התכווצות גלובלית תקינה, עליה שמאלית מורחבת במידה קלה, חללי הלב ימניים תקינים, מסתם אאורטלי תותב ביולוגי עם מפל לחצים צסביר על פניו, טבעת מסתם מיטרלי מעט מסוידת, אי ספיקה מיטרלית מינימלית, אי ספיקה טריקוספידלית קלה, לחץ דם ריאתי בגבול העליון של הנורמה. הפרעה ברלקסציה.",1,0.16
ProcedureSummary,"בנוכחות פרפור עליות . חדר שמאלי תקין בגודלו והתכווצותו גלובלית   תקינה, דפנותיו מעובים במידה קלה . חדר ימני מורחב במידה קלה והתכווצותו ירודה במידה בינונית, אי ספיקה מיטרלית קלה עד בינונית ואס""ק טריקוספידלית בינונית עד קשה. לחץ דם ריאתי מוגבר במידה קשה , עליות מורחבות, מיימת בטנית. תפליט פלאורלי מימין. חשד לASD. יש מקום להמשך בירור על ידי TEE.",1,0.16
ProcedureSummary,"חדר שמאלי ברוחב תקין, הפרטרופי, תפקודו הגלובלי והאזורי תקין. חדר ימין ברוחב ותפקוד תקין.   פרוזדורים מורחבים.  אנולוס מיטרלי מסויד, דלף מיטרלי קל עד בינוני.  הודגם דלף טריקוספידלי בינוני, לחץ ריאתי מוגבר במידה קשה. יכול להתאים ללחצי מילוי גבוהים של חדר שמאל.  הודגם תפליט פריקרדיאלי מינימלי.  הודגם תפליט פלאורלי מימין.",1,0.16
ProcedureSummary,"חדר שמאל בגודל תקין, התכווצותו גלובלית ואיזורית תקינה, תבנית המילוי פסאודונורמלית,  טבעת של מסתם המיטרלי מסויידת, א ספיקה מיטרלית קלה, מסתם אאורטלי מעובה, אי ספיקה טריקוספידלית בינונית, עליה שמאלית מורחבת במידה קלה, חדר ימין מורחב במידה קלה תפקודו שמור, IVC רחב, ללא תמט נשימתי,  לחץ דם ריאתו מוגבר במידה בינונית.",1,0.16
ProcedureSummary,"בדיקה קשה טכנית , הדמיה ממנחים אפיקלים תת אופטימלית, חדר שמאל מורחב במידה קלה, תפקודו הגלובלי מופחת במידה קלה-בינונית, אקיניזה אינפריורית אחורית עם היפוקיניזה לטרלית, חשד להיפוקיניזה ספטואפיקלית, תבנית המילוי מתאימה להפרעה בהרפיה, חדר ימין בגודל ותפקוד תקין, מסתם אאורטלי מסוייד , אי ספיקה אאורטלית מינימלית, אי ספיקה מיטרלית מינימלית, אי ספיקה טריקוספידלית מינימלית. ",1,0.16
ProcedureSummary,"חדר שמאל בגודל תקין, היפרטרופיה של הספטום הבזלי, ההתכווצותו הגלובלית תקינה, היפוקינזיה תחתונה בזלית. חדר ימין תקין. עליה שמאלית מורחבת במידה קלה, טבעת המסתם המיטרלי מסויידת, הסתיידות לה קידמי, עלים מעובים, דליפה מיטרלית מרכזית בעיקה עד בינונית, מסתם אורטלי מעובה, אי ספיקה אורטלית קלה עד בינונית, אי ספיקה טריקוספידלית קלה, אין עדות ליתר לחץ דם ריאתי.",1,0.16
ProcedureSummary,"חדר שמאלי תקין בגודלו, דופנותיו מעובים במידה קלה, תפקוד גלובלי ואזורי ירוד במידה בינונית, באופן דיפוזי. בולטת אקינזיה תחתונה אחורית. חדר ימני תקין בגודלו מעט מורחב עם ירידה קשה בתיפקוד, כמו כן השטחה סיסטולית של ספטום בינחדרי כביטוי למעמסת לחץ על חדר ימין.   מסתם האאורטלי מסויד,ללא היצרות.  אי ספיקה מיטרלית בינונית לקשה.  אי ספיקה טרקיוספדיאלית במידה ניכרת, קרוב לוודאי FREE TR.   עליה שמאלית מורחבת במידה קלה. ",1,0.16
ProcedureSummary,"חדר שמאלי מורחב ומעובה עם התכווצות גלובלית מופחתת במידה קשה, ירידה דיפוזית גלובלית, תבנית המילוי רסטריקטיבית, חדר ימני מורחב ומעובה עם התכווצות מופחתת מאוד, עליות מורחבות, IVC מורחבת ללא וריאציה נשימתית, אי ספיקה מיטרלית קשה וטריקוספידלית בינונית קשה עם יתר לחץ דם ריאתי בחומרה בינונית, מתאים למעורבות קרדיאלית קשה של עמילואיד. ",1,0.16
ProcedureSummary,"חולה פארפליג, מועמד לדיאליזה,   חדר שמאל בגודל תקין התכווצותו תקינה (מעט ערה)  ספטום מעט מעובה, ללא הפרעה איזורית. תבנית המלוי פסאודונורמלית (הפרעה דיאסטולית דרגה II) . עליה שמאל מורחבת במידה קלה.    חדר ימין תקין בגודלו ותיפקודו עם ל""ד ריאתי מוגבר במידה קשה.    עלי מסתם אורטלי מסויידים עם  דלף מינימלי והצרות קלה. , טבעת מסתם מיטרלי מסויידת,עם דלף  מיטרלי קלה ,דלף טריקוספידלי בינוני.",1,0.16
ProcedureSummary,"אקו מכוון בשאלה של תיפקוד חדר שמאל - תיקפוד שמור, מסתם אורטלי מסוייד, לא בוצעה הערכה של AS. ",1,0.16
ProcedureSummary,"חדר שמאל בגודל תקין, היפרטרופיה בינונית,תפקודו הגלובלי ירוד במידה קלה , אקינזיה אינפריורית, היפוקינזיה אחורית. תבנית המילוי פסאודונורמאלית, חדר ימין בגודל ותפקוד תקין. עליה שמאלית מורחבת במידה קלה. התרחבות של הסינוסיים והאורטה העולה.  מסתם אאורטלי מסוייד,היצרות בחומרה קשה, דלף אורטלי עד בינוני.  טבעת המסתם המיטרלי מסויידת ,היצרות קלה, דלף  קל-בינוני.  דלף טריקוספידלי  קל. לחץ דם ריאתי מוגבר במידה בינונית.        ",1,0.16
ProcedureSummary,"חדר שמאלי בגודל תקין, תפקוד ססטולי גלובלי מופחת בחומרה בינונית. עם היפוקינזיה כללית. היפוקינזיה משמעותית יותר ל מחיצה בין חדרית.  לציין  בפעימה שאחרי PMC שיפור  בתפקוד ססטולי משמעותי  עד לתקין גלובלית עדיין עם היפוקינזיה מחיצתית אולם התכווצות טובה של שאר דפנות. חדר ימין תקין בגודלו ותפקודו. עלי מסתם מטראלי סקלרוטים קל, רושם לאפקט tethering  עם אי ספיקה קלה לבינונית של מסתם  מטראלי. עלי מסתם אאורטלי מעובים קל ומסויידים, פתיחתם טובה , דרכם אי ספיקה מינימלית.  אי ספיקה טריקוספדלית קלה עד בינונית,   לחץ  ריאתי מוערך  מוגבר בחומרה  קשה.  הגדלה של העליה השמאלית.",1,0.16
ProcedureSummary,"חדר שמאל בגודל תקין, היפרטרופי, תפקודו הגלובלי והאיזורי תקין. תבנית המילוי פסאודונורמאלית, חדר ימין בגודל ותפקוד תקין,  עליה שמאלית מורחבת במידה קלה. אי ספיקה מיטרלית קלה. אי ספיקה טריקוספידלית קלה, . לחץ דם ריאתי מוגבר במידה בינונית",1,0.16
ProcedureSummary,"בדיקה בישיבה, חדר שמאלי בגודל והתכווצות גלובלית ואיזורית תקינה, חדר ימני מורחב עם ירידה קלה בתיפקוד, ישנה השטחה סיסטולית ודיאסטולית של ספטום בינחדרי כביטוי למעמסת לחץ ונפח על חדר ימין, הסתיידות קלה של מסתם אורטלי עם דלף קל, מסתם מיטרלי תותב מכני חד עלי מתפקד היטב, דלף טריקספידלי קשה משני לסגירה בלתי שלמה של עלי המסתם FREE TR ועל כן תיתכן תת הערכה של לחץ דם ריאתי, עדות ליתר לחץ דם ריאתי בינוני, הגדלה בינונית של העליה השמאלית והימנית. IVC רחב עם ירידה בשינויים הנשימתיים וזרימה הפוכה בורידי הכבד. ",1,0.16
ProcedureSummary,"חדר שמאלי בגודל תקין , היפרטרופיה של הספטום הבזלי, התכווצות גלובלית ירודה במידה קלה עד בינונית ובצורה דיפוזית. , מסתם אאורטלי  מעט מסוייד, אי ספיקה אאורטלית מינימלית , אנולוס מיטרלי מסוייד, אי ספיקה מיטרלית קלה עד בינונית , אס""ק טריקוספידלית  קלה עד בינונית לחץ דם ריאתי מוגבר במידה בינונית,  העליה השמאליתמעט מורחבת., חדר ימן תקין.",1,0.16
ProcedureSummary,"חדר שמאל מורחב, דפנותיו מעט מעובות, קיימת פגיעה נרחבת וקשה בהתכווצות הדפנות עם תפקוד סיסטולי גלובלי ירוד במידה קשה. לא ניתן להעריך תפקוד דיאסטולי. חדר ימין בגודל ותפקוד תקינים. עליות מעט מורחבות. עלי מסתם אאורטלי מסויידים, ללא הפרעה בתפקוד המסתם. אי ספיקה מיטרלית קלה. אי ספיקה טריקוספידלית בינונית. נימדד יתר לחץ דם ריאתי מוגבר במידה קשה. מודגמת אלקטרודה בחללים ימניים.  ",1,0.16
ProcedureSummary," חדר שמאלי בגודל תקין תפקודו הגלובלי הסיסטולי  תקין עם היפוקנזיה אינפרובזלית וספטובזלית , תבניתץ מילוי דיאסטולי לא ניתנת להערכה מדוייקת על פי קריטריונים חדשים של ASE.    חדר ימין בגודל ותפקוד תקינים   עליה שמאלית מורחבת במידה קלה    מסתם אאורטלי עם דלף מנימלי   מסתם מיטרלי עם דלף קל    דלף טריקוספידלי קל    לחץ דם ראתי ססיטולי מוערך כמוגבר במידה קלה   וריד נבוב תחתון מורחב ואינו עובר תמט נשימתי באינספיריום   מודגם תפליט פריקרדיאלי קטן ללא אפקט הימודינמי   אאורטה עולה וסינוסים אאורטליים ברוחב תקין ",1,0.16
ProcedureSummary,חדר שמאל בגודל תקין התכוצותו הגלובלית תקינה.חדר ימין בגודל ותפקוד תקין. עליה שמאלית תקינה. מסתם אורטלי מעט מסויד.אי ספיקה טריקוספדלית מנימלית. לחץ דם ריאתי תקין. תפקוד דיאסטולי תקין.,1,0.16
ProcedureSummary,"חדר שמאל בגודל תקין, היפרטרופי, התכוצותו הגלובלית תקינה, היפוקינזיה אינפריורית. תבנית המילוי פסאודונורמאלית, חדר ימין בגודל ותפקוד תקין, עליה שמאלית מעט מורחבת. מסתם אורטלי מסוייד. טבעת המסתם המיטרלי מסויידת , אי ספיקה מיטרלית מינימלית. אי ספיקה טריקוספידלית קלה עד בינונית. לחץ דם ריאתי מוגבר במידה קלה.",1,0.16
ProcedureSummary,"חדר שמאל בגודל ותפקוד תקינים עם עבוי של דפנותיו. תבנית המלוי פסאודונורמלית עם הרחבה קלה של עליה שמאל.   חדר ימין תקין בגודלו ותיפקודו, ללא עדות ליל""ד ריאתי (לציין סיגנל TR לא אופטימלי תתכן תת הערכה).   מסתם אאורטלי ומיטראלי מסויידים עם אי ספיקה אאורטלית ומיטראלית מינימלית.   אי ספיקה טריקוספידלית מינימלית.   לציין רושם למחלה טרשתית בקשת האאורטה ",1,0.16
ProcedureSummary,"איכות הדמיה מוגבלת   חדר שמאל בגודל תקין ,תפקודו הסיסטולי הגלובלי תקין ללא הפרעה אזורית ברורה, לא ניתן לקבוע תפקוד דיאסטולי, עליה שמאל מורחבת במידה קלה   חדר ימין בגודל ותפקוד תקינים ,לא ניתן להעריך ל""ד ריאתי בהעדר סיגנל TR   מסתם אאורטלי מסוייד ללא דלף או הצרות, אנולוס מיטראלי מסוייד ללא הצרות, מודגם דלף מיטראלי וטריקוספידלי מינימלי ",1,0.16
ProcedureSummary,"חדר שמאל מורחב במידה קלה, היפרטרופיה ספטלית, תפקודו הגלובלי תקין, קשה להתרשם מתבנית המילוי, חדר ימין בגודל ותפקוד תקין , הרחבה של עליה שמאלית, אי ספיקה מיטרלית קלה, אי ספיקה טריקוספידלית קלה-בינונית, לחץ דם ראתי מוגבר במידה בינונית, אלקטרודת קוצב בחדר ימין, IVC מורחב עם שינוי נשימתי חלקי, הודגמה מיימת. ",1,0.16
ProcedureSummary,"חדר שמאל עם חלל בגודל תקין , ספטום בזאלי מעובה. הודגמה היפרטרופיה אפיקלית עם אובליטרציה של חלל האפקס, תפקודו הגלובלי של חדר שמאל תקין (אף מעט ער) ללא הפרעה איזורית ברורה, תבנית המלוי מתאימה להפרעה ברלקסציה, עליות בגודל תקין.   חדר ימין בגודל ותפקוד תקינים לא ניתן להעריך ל""ד ריאתי בהעדר סיגנל TR.   מסתם אאורטלי במבנה ותפקוד תקינים, מסתם מיטראלי עם SAM אולם לא מודגמת חסימה דינמית ברורה במוצא חדר שמאל. מודגם דלף מיטראלי עם סילון מאוד אקצנטרי אחורי כנראה בחומרה עד בינונית אך לא ניתן לכימות בטכניקה זו. המנגנון יתכן משני לSAM מומלץ לשקול TEE להדגמה טובה יותר והערכת מנגנון . דלף טריקוספידלי מינימלי.     סכום- תמונה מתאימה לAPICAL HYPERTROPHY ובנוסף יש רושם לSAM ודלף מיטראלי אקצנטרי. לשקול המשך ברור ע""י MRI ,TEE ואקו במאמץ להערכה של משמעות המודינמית של הSAM. ",1,0.16
ProcedureSummary,"חדר שמאל בגודל תקין, התכווצות גלובלית ואיזורית תקינה, תבנית המילוי מדגימה הפרעה ברלקסציה. חדר ימין בגודל והתכווצות תקינה. אי ספיקה מיטרלית קלה, אי ספיקה טריקוספדלית מינימלית, לא ניתן להעריך לחץ דם ריאתי בהעדר סיגנל TR טוב, ללא הגדלה של העליה השמאלית. הודגם נוזל פלאורלי. לא הודגם נוזל פריקרדיאלי. ",1,0.16
ProcedureSummary,"חדר שמאלי בגודל תקין, ספטום מעובה במידה קלה, התכווצות גלובלית ואיזורית תקינה, תבנית המילוי מעידה על הפרעה ברלקסציה, חדר ימני בגודל והתכווצות תקינה, אי ספיקה אורטלית קלה עד בינונית, אי ספיקה מיטרלית וטריקוספידלית מינימלית, לא ניתן להעריך לחץ דם ריאתי ללא עקומת TR, הגדלה קלה של העליה השמאלית.  הודגם מיימת. נוזל פלוירלי משמאל.  IVC לא הודגם בבירור.  GLS -16.4%",1,0.16
ProcedureSummary,"חדר שמאלי בגודל והתכווצות גלובלית ואיזורית תקינה, תבנית המילוי תקינה,  חדר ימני בגודל והתכווצות תקינה, מסתם אורטלי מסוייד מעט, אי ספיקה אורטלית קלה, אי ספיקה מיטרלית קלה, אי ספיקה טריקוספדלית מינימלית שלא מאפשרת להעריך לחץ דם ריאתי, עליה שמאלית בגודל תקין. ",1,0.16
ProcedureSummary,"חדר שמאל מורחב, דפנותיו מעט מעובות, קיימת פגיעה נרחבת וקשה בהתכווצות הדפנות עם תפקוד סיסטולי גלובלי ירוד במידה קשה. קיים strain גלובלי ירוד מאוד של 4%-. לא ניתן להעריך תפקוד דיאסטולי. חדר ימין בגודל ותפקוד תקינים. עליה שמאל מורחבת. עלי מסתם אאורטלי מסויידים, דרך המסתם אי ספיקה קלה והצרות קלה. אי ספיקה מיטרלית וטריקוספידלית מיזערית. לא הודגמה עקומת TR להערכת לחץ דם ראתי. אאןרטה עולה ושורש מורחבים.   ",1,0.16
ProcedureSummary,"חדר שמאל בגודל תקין, התכווצותו הגלובלית שמורה, ללא הבדל ניכר בין סגמנטים שונים. עליה שמאלית מורחבת במידה בינונית, חללים ימניים תקינים.  מסתם אאורטלי מעט מסוייד, אי ספיקה אאורטלית מזערית, אי ספיקה מיטרלית מינימלית,  אי ספיקה טריקספידלית מינימלית. עקב סגנל דופלר קרלוש לא ניתן להעריחך לחץ ריאתי.   תפליט פריקרדיאלי מזערי ביותר.   לא הודגם מקור לבבי לתסחיף בשיטת הדמיה נוכחית, באם יש חשד לתסחיף ממקור לבבי יש לשקול ביצוע TEE או CT לב בשאלה של טרומבוס באזנית, או ממצאים אחרים בעלי פוטנציאל לתסחיף.  לציין  עליה שמאל מורחבת בינונית ולאור זאת מציע לשקול אפשרות של פרפרור פרוזדורים התקפי. ",1,0.16
ProcedureSummary,"חדר שמאל מורחב במידה קלה. התכווצותו הגלובלית ירודה במידה בינונית. ניצפתה היפוקינזיה גלובלית עם אקינזיה  אחורית ותחתונה וכן ספטלית. היפרטרופיה משמעותית של ספטום ואפקס.  חדר ימין תקין. עליה שמאלית מורחבת במידה קלה. מסתם אורטלי תקין. אי ספיקה מיטרלית בינונית, וטריקוספידלית קלה. ללא עדות ליל""ד ריאתי מוגבר.",1,0.16
ProcedureSummary,"חדר שמאלי מעובה, בגודל תקין, והתכווצות גלובלית שמורה, ללא הפרעה איזורית ברורה, תבנית המילוי תקינה, חדר ימני בגודל תקין והיפוקיטי במידה קלה, מסתם אורטלי מסויד עם מפל מינמלי, אי ספיקה מיטרלית וטריקוספידלית קלה,  עדות ליתר לחץ דם ריאתי קל, הגדלה בינונית של העליה השמאלית.",1,0.16
ProcedureSummary,"בדיקה בוצעה במחלקה, חדר שמאל בגודל תקין, היפרטרופי, התכווצותו הגלובלית שמורה,  לא הודגם מפל מוגבר מיד וונטריקולרי או מפל מוגבר במוצא חדר שמאל, חדר ימין תקין, עליה שמאלית מורחבת במידה בינונית, מסתם אאורטלי מסוייד, טבעת המסתם המיטרלי מסויידת, אי ספיקה מיטרלית קלה, אי ספיקה טריקוספידלית קלה,   ",1,0.16
ProcedureSummary,"בדיקה קשה מאד טכנית, חלקית.  עד כמה שאפשר להדגים:  חדר שמאל בגודל תקין, התכווצות גלובלית תקינה, עליה שמאלית מורחבת במידה קלה, חללי הלב ימניים תקינים, אי ספיקה מיטרלית וטריקוספידלית מינימלית, לא ניתן לימדוד לחץ דם ריאתי.",1,0.16
ProcedureSummary,"חדר שמאל בגבול הנורמה עם תפקוד שמור, הפטרופיה קונצנטרית של החדר והפרעה ברלקסציה, הפוקינזיה פוסטריורית/תחתונה וצדדית. חדר ימין בגודל ותפקוד תקין. פרוזדורים מורחבים.   מסתם אאורטלי עם עלים מעובים ומעט מסוידים, מפל לחצים מינימלי. טבעת מסתם מיטרלי מסוידת עם פתיחה תקינה ואי ספיקה קלה.  אי ספיקה טריקוספידלית מינימלית. לחץ ריאתי תקין. ככל שניתן לראות אין עדות לוגטציות ע""פ פני המסתמים. שורש ואאורטה עולה מורחבת.",1,0.16
ProcedureSummary,"חדר שמאל מורחב במידה קלה, תפקודו הגלובלי מופחת  במידה קלה, הפרעה אפיקלית, תבנית המילוי פסאודונורמאלית, חדר ימין בגודל ותפקוד תקין. עליה שמאלית מורחבת במידה קלה. אי ספיקה אורטלית מינימלית. אי ספיקה מיטרלית קלה עד בינונית. אי ספיקה טריקוספידלית קלה עד בינונית. לחץ דם ריאתי מוגבר בחומרה קשה. ",1,0.16
ProcedureSummary,"חדר שמאלי בגודל והתכווצות גלובלית ואיזורית תקינה, הספטום הבזליע מעט מעובה הפרעה ברלקסציה., מסתם אורטלי מעט מעובה עם דלף מיזערי. טבעת מיטרלית מסויידת, אס""ק מיטרלךי קלה. אס""ק טריקוספידלית מינימלית. ,  עדות ליתר לחץ דם ריאתי קל,   הגדלה של העליה השמאלית. חדר ימין תקין.",1,0.16
ProcedureSummary,"חדר שמאלי מורחב, הספטום מעובה במידה קלה, תפקוד גלובלי ואזורי מופחת במידה קשה, בולט יותר קיר אחורי ספטלי תחתון,   חדר עם תיפקוד שמור, מסתם האאורטלי מסויד, פתיחה תקינה. אי ספיקה מיטרלית קלה. אי ספיקה טריקוספידלית בינונית עד קשה גט אנכי לספטום מאוד קשה להדמיה,  לחץ ריאתי מוגבר במידה קלה לבינונית . עליה שמאלית מורחבת במידה קשה, נוזל פלאורלי ימני. תפליט פריטוניאלי. עדות לאלקוטרודה של קוצב בחללי הלב הימניים. ",1,0.16
ProcedureSummary,"חדר שמאלי בגודל והתכווצות גלובלית ואיזורית תקינה, עיבוי קל של הדפנות, הפרעה ברלקסציה דרגה 2, חדר ימני בגודל תקין והתכווצות תקינה, הסתידות קלה של מסתם אאורטלי וטבעת מסתם מיטרלי, אי ספיקה מינימלית מיטרלית ואאורטלית , אי ספיקה קלה טריקוספידלית. עדות ליתר לחץ דם ריאתי במידה קשה, הרחבה של MPA .פרוזדורים מורחבים במידה בינונית. IVC  מעט מורחב עם תגובה רספירטורית חלקית. ",1,0.16
ProcedureSummary,מטופלת הגיעה לאקו לב במאמץ אולם לאחר שניות בודדות על ההליכון ביקשה להפסיק ולכן לא בוצע אקו לב במאמץ אלא רק אקו לב במנוחה כמפורט לעיל ,1,0.16
ProcedureSummary,"חדר שמאל בגודל תקין , תפקודו הגלובלי מופחת במידה קלה-בינונית בצורה דיפוזית, קשה להתרשם מתבנית המילוי, השטחה של הספטום הבין חדרי כביטוי לעומס מימין, חדר ימין מורחב במידה קלה, תפקודו הגלובלי מופחת במידה קשה, הרחבה של עליה שמאלית וימנית, אי ספיקה מיטרלית קלה, אי ספיקה טריקוספידלית בינונית-קשה, לחץ דם ראתי מוגבר במידה קשה, IVC מורחב ללא שינוי נשימתי, תפליט פריקרדיאלי בכמות קטנה, תפליט פלאורלי מימין, הודגמה מיימת. ",1,0.16
ProcedureSummary,"חדר שמאלי מורחב, הפרטרופי, תפקודו הגלובלי מופחת במידה בינונית. הודגמה אקינזיה תחתונה אחורית לטרלית. חדר ימין ברוחב ותפקוד תקין. פרוזדור שמאלי מעט מורחב.  מסתם מיטרלי מעט מעובה, דלף מיטרלי בינוני, מרכזי,  דלף טריקוספידלי מינימלי, נמדד לחץ ריאתי תקין. מסתם אאורטלי מעט מסוייד, דלף אאורטלי קל. הודגם תפליט פריקרדיאלי קטן.",1,0.16
ProcedureSummary,"חדר שמאלי בגודל תקין, תפקודו הגלובלי שמור, חדר ימני בגודל תקין, התכווצות שמורה, מסתם אורטלי  מעט מסוייד, אי ספיקה מיטרלית בינונית, אי ספיקה טריקוספידלית קלה עד בינונית, אין עדות ליתר לחץ דם ריאתי, הגדלה קלה של העליה השמאלית וימנית.  הודגם תפליט פריקרדיאלי בכמות קטנה, הודגם תפליט פלאורלי דוצ ",1,0.16
ProcedureSummary,"חדר שמאל בגודל תקין, היפרטרופי, תפקודו הגלובלי מופחתת במידה בינונית, אקינזיה ספטלית, אנטריורית ואפיקלית, תבנית המילוי פסאודונורמאלית,  חדר ימין בגודל תקין, תפקודו שמור. עליה שמאלית מורחבת במידה קלה. טבעת המסתם המיטרלי מסויידת ,דלף קל עד בינוני. אי ספיקה טריקוספידלית דלף קל עד בינוני. לחץ דם ריאתי מוגבר בחומרה קלה  ",1,0.16
ProcedureSummary,מבחן אקו לב במאמץ לא אבחנתי לאסכמיה.  בדופק סבמקסימלי  תפקוד חדר שמאל ללא שינוי משמעותי ללא עדות להפרעה איזורית חדשה. ,1,0.16
ProcedureSummary,"חדר שמאלי בגודל תקין, היפרטרופיה של הספטום הבזלי, התכווצותו הגלובלית היפרדינמית ללא הפרעה איזורית . תבנית המילוי מתאימה להפרעה ברלקסציה , עליות בגודל תקין.   חדר ימין בגודל ותפקוד תקינים לא ניתן להעריך ל""ד ריאתי בהעדר סיגנל TR מספק.  מסתם אאורטלי  עם הסתיידות פוקלית ללא הצרות (מפל לחצים על פניו מעט מוגבר משנית לתפקוד היפרדינמי),  מסתם מיטראלי וטריקוספידלי במבנה ותפקוד תקינים עם דלף מינימלי. ",1,0.16
ProcedureSummary,"הבדיקה בוצעה כשהנבדקת יושבת. הדמיה מוגבלת טכנית.   חדר שמאל מורחב, תפקודו הגלובלי מופחת במידה קשה עם היפוקיניזה דיפוזית.  חדר ימין בגודל ובתפקוד תקין.  דליפה מיטרלית קלה לבינונית.  דליפה טריקוספידלית קלה, עדות ליתר לחץ דם ריאתי בחומרה קלה לבינונית.  עליה שמאל מורחבת, מתאים ללחצי מילוי גבוהים של חדר שמאל. תפליט פלאורלי. הרחבה של אורטה עולה. ",1,0.16
ProcedureSummary,"חדר שמאל בגודל תקין , עבוי קל של הדפנות , תפקודו הגלובלי שמור עם היפוקינזיה ספטאלית קלה (לאחר ניתוח) . תבנית המלוי פסאודונורמלית, עליה שמאל מורחבת במידה קלה.  חדר ימין מורחב תפקודו ירוד במידה קשה, ל""ד ריאתי מוגבר במידה קלה.   מסתם אאורטלי מעט סקלרוטי עם דלף מינימלי, דלף מיטראלי מינימלי, מסתם טריקוספידלי לאחר תקון (טבעת) עם דלף קל ללא הצרות.   הודגם נוזל פלאורלי ומיימת. ",1,0.16
ProcedureSummary,"חדר שמאלי בגודל והתכווצות גלובלית ואיזורית תקינה, דפנותיו מעובות.   תבנית המילוי פסאודונורמלית.חדר ימין בגודל ותפקוד תקינים. , מסתם אאורטלי מעט מעובה.מבנה ותפקוד שאר המסתמים תקין, דלף מיטרלי וטריקוספידלי קל. יתר לחץ דם ריאתי מוגבר במידה קשה, הרחבה של פרוזודר שמאלי במידה בינונית, הרחבה קלה של פרוזדור ימני.   IVC- מורחב במידה קלה עם תגובה רספירטורית מופחתת.  אין עדות לנוזל פריקרדיאלי ,עדות לנוזל פלאורלי דו-צדדי. ",1,0.16
ProcedureSummary,"חדר שמאל מורחב במידה קלה, תפקודו הגלובלי מופחת במידה קלה-בינונית עם אקינזיה ספטובזלית ואינפרובזלית,   , היפוקינזיה פוסטריורית.  המחיצה הבין חדרית היפרטרופית.  חדר ימין בגודל ובתפקוד תקין.  דליפה מיטרלית קלה-בינונית.  דליפה אאורטלית קלה.  דליפה טריקוספידלית מינימלית, אין עדות ליתר לחץ דם ריאתי.  עליה שמאלית מורחבת במידה קלה.  האאורטה העולה מורחבת במידה קלה. נוזל פריקרדיאלי בכמות קטנה",1,0.16
ProcedureSummary,"חדר שמאלי בגודל תקין, היפרטרופיה קלה, התכווצותו הגלובלית ואיזורית תקינה, חדר ימני בגודל והתכווצות תקינה, אי ספיקה מיטרלית מינימלית,אי ספיקה טריקוספידלית מינימלית, אן עדות לחץ דם ריאתי, הגדלה קלה של העליה השמאלית.",1,0.16
ProcedureSummary,"הדמיה קשה טכנית.  חדר שמאל מורחב במידה קשה, התכוצותו ירודה במידה בינונית-קשה, באופן דיפוזי, היפוקיניזה קשה\אקיניזה אחורית אינפריורית,  חדר ימין מורחב במידה קלה תפקודו שמור, שתי עליות מורחבות. מסתם אאורטלי מעובה, קשה לקבוע האם ביקוספידלי,  היצרות קלה ואס""ק בינונית. אס""ק מיטרלית קלה. יתר ל.ד ראתי קשה. אס""ק טריקספידלית קלה. הרחבה של הIVC , תמט נשימתי מופחת.   ממליץ ביצוע TEE להדגמה טובה יותר של מסתם אאורטלי וחומרת הדליפה",1,0.16
ProcedureSummary,חדר שמאל בגודל תקין התכוצותו הגלובלית מופחתת במידה קלה עד  בינונית אקנזיה מיד ספטלית וקידמית היפוקנזיה אפיקלית . חדר ימין בגודל תקין עליה שמאלית מורחבת. תבנית מילוי רסטריקטיבית..מסתם אורטלי מעט מסויד עם אי ספיקה מנימלית . אי ספיקה מיטרלית קלה. לא ניתן להעריך לחץ ריאתי.,1,0.16
ProcedureSummary,"חדר שמאל מורחב והיפרטרופי התכוצותו הגלובלית תקינה, בספק הפרעה אינפרובזאלית. חדר ימין בגודל ותפקוד תקין. עליה שמאלית מורחבת במידה בינונית. התרחבות קלה של האורטה העולה ושל שורש האאורטה. אי ספיקה מיטרלית קלה. אי ספיקה טריקוספדלית מנימלית לחץ דם ריאתי מוגבר במידה קלה.",1,0.16
ProcedureSummary,"חדר שמאל מעט מורחב, התכווצותו הגלובלית תקינה, הודגמה היפוקינזיה אינפרובזלית( ממצא לא ספציפי), חדר ימין תקין, עליה שמאלית מורחבת במידה בינונית, מסתם אאורטלי מעובה, אי ספיקה מיטרלית קלה, אי ספיקה טריקוספידלית מינימלית, לחץ דם ריאתי מוגבר במידה קלה. ",1,0.16
ProcedureSummary,"עליה שמאלית מורחבת. חדר ימין תקין. חדר שמאל היפרטרופי עם תפקוד גלבולי שמור. אס""ק מיטרלית, אורטרלית וטריקוספידלית מינימלית. יל""ד ריאתי קל. תבנית מילוי פסוידו נורמלית.",1,0.16
ProcedureSummary,"חדר שמאל מורחב במידה קלה, ההתכווצותו הגלבולית ירודה במידה קשה היפוקינזיה גלובלית ואקינזיה רחבה אינפרופוסטרולטרלית., תבנית מילוי פסאודונורמלית, עליה שמאלית מורחבת במידה קלה, אי ספיקה מיטרלית קשה, אי ספיקה טריקוספידלית מינימלית, הודגם נוזל פריקארדיאלי בכמות קטנה, הודגם נוזל פלאורלי בכמות גדולה..",1,0.16
ProcedureSummary,"חדר שמארלי בגודל תקין תפקודו הגלובלי הסיסטולי תקין ללא הפרעה אזורית. תבנית מלוי דיאסטולי מתאימה להפרעה דרגה 1 ( הפרעה בהרפיה) על פי יחס של E ל A, בהתאם לקריטריונים של ASE התבנית מילוי מתאימה להפרעה דרגה II ( פסוידונורמלית).   חדר ימין בגודל תקין בגודלו ובתפקודו.   עליה שמאלית מורחבת במידה בינונית.   מסתם אאורטלי מעובה עם דלף מנימלי מפתחו תקין   מסתם מטרלי מעובה סקלרוטי עם דלף מנימלי   דלף טריקוספידלי מנימלי   לחץ דם ראתי סיסטולי לא ניתן הלערכה בהעדר סגנל TR מספק.   וריד נבוב תחתון אינו מורחב ועובר תמט נשימתי הולם באינספיריום   ללא עדות לתפליט פריקרדיאלי.",1,0.16
ProcedureSummary,"חדר שמאלי מורחב במידה בינונית. דפנותיו אינם מעובים,  התכווצות גלובלית מופחתת בחומרה קלה לבינונית עקב היפוקינזיה כללית, ללא הבדל ניכר בין סגמנטים שונים. עליה שמאל מוגדלת בינוני.   חדר ימני בגודל והתכווצות תקינה, עליה ימין מוגדלת קל. מסתמים במבנה תקין, עלי מסתם מטראלי הודגמו במבנה תקין ודרכם דלף מיטרלי בחומרה בינונית. דלף טריקוספידלי מינימלי. עקב סגנל TR קלוש לא ניתן להעריך לחץ ריאתי.  IVC אינו מורחב ומדגים תמט נשימתי תקין, כביטויי ללחץ ורידי מרכזי לא מוגבר. ",1,0.16
ProcedureSummary,"חדר שמאלי מורחב במידה קלה, דפנותיו מעובים, התכווצות גלובלית ירודה במידה בינונית עד קשה, נצפתה אקינזיה אפיקלית בעיקר קידמית ספטלית כולל אפקס אינפריורי, וכן אקנזיה אינפריורית עם היפוקינזיה אחורית אמצעית ולטרלית. עקומת המילוי הפרעה קלה ברלקסציה (דופק יחסית גבוה). חדר ימני בגודל והתכווצות תקינה, אי ספיקה מיטרלית קלה, אי ספיקה טריקוספידלית מינימלית, אין עדות ליתר לחץ דם ריאתי,  הגדלה  קלה של העליה השמאלית וימנית. הגדלה קלה של האאורטה העולה.",1,0.16
ProcedureSummary,"חדר שמאל מעט מורחב, התכוצותו הגלובלית ירודה במידה בינונית. אקינזיה פוסטריורית, אינפריורית עם מעורבות לטרלית, חדר ימין בגודל ותפקוד תקין,  עליה שמאלית מורחבת, אס""ק מיטרלית קלה-בינונית. יתר ל.ד ראתי בינוני",1,0.16
ProcedureSummary,"חדר שמאלי  מורחבת במדיה קלה  תפקווד הגלובלי הסיסטולי מופחת במדיה קשה  באופן דיפוזי, תבנית מילוי דיאסטולי מתאימה להפרעה דרגה II( פסוידונורמלית).  חדר ימין מורחב תפקודו מופחת במידה קלה    עליה שמאלית מורחבת במידה קלה    עליה ימין מורחבת   מסתם אאורטלי במבנה תקין דרכו דלף מנימלי בלבד   מסתם מטרלי  עם דלף  קל   מסתם טריקוספידלי עם דלף קל    לחץ דם ראתי סיסטולי מוערך כמוגבר במידה קלה  וריד נבוב תחתון אינו מורחב אך אינו עובר תמט נשימתי הולם באינספיריום   מודגם תפליט פריקרדיאלי בכמות קלה עד בינונית ללא  סימני לחץ על מדורים ימניים   אאורטה עולה ברוחב תקין, שורש אאורטה ברוחב תקין    הודגמו אלקטרודות קוצב בחללי הלב הימניים",1,0.16
ProcedureSummary,"קשה טכנית  מתקשה בנשימה איכות הדמיה נמוכה (בעיקר מחלון אפקילי) האפקס לא מודגם כראוי.   חדר שמאל מורחב במידה קלה  התכווצותו הגלובלית ירודה במידה קשה באופן דיפוזי עם וראיביליות אזורית (דפנות אחורית, אינפורוספטאלית , תחתונה ולטראלית אקינטיות והשאר היפוקינטי) , תבנית המילוי הדיאסטולי רסרקטיבית (הפרעה דיאסטולית דרגה III/IV) .  חדר ימין מורחב עם תפקוד ירוד במידה קשה, ל""ד ריאתי מוערך מוגבר במידה קשה.   מסתם אאורטלי במבנה ותפקוד תקינים עם דלף מינימלי, דלף מיטראלי מינימלי ודלף טריקוספידלי קל. ",1,0.16
ProcedureSummary,"חדר שמאל ברוחב תקין, היפרטרופי, תפקודו הגלובלי מופחת במידהבינונית, דיפוזית עם אקיזניה אינפרו בזלית ושל הספטום הבזלי. . חדר ימין ברוחב תקין עם תפקוד שמור.. דליפה אאורטלית קלה, דליפה מיטרלית בינונית , דליפה טריקוספידלית קלה, עדות ליתר לחץ דם ריאתי בחומרה בינונית. נראה טרומבוס בגודל של 0.8X0.8ס""מ צמוד לסגמנט האירנפרו בזלי האקינטי.   תפליט פריקרדיאלי קטן, תפליט פלאורלי דוצדדי.",1,0.16
ProcedureSummary,"חדר שמאלי מורחב במידה קלה, התכווצותו גלובלית ירודה במידה קשה. ירידה די דיפוזית מערבת את כל הדפנות, בולטת יותר בדופן אינפריורית, אחורית ולטרלית, תבנית זרימה רסטריקטיבית. חדר ימני מורחב והיפוקינטי. אי ספיקה מיטרלית קלה עד בינונית, טריקוספידלית קלה. עליות מוגדלות במידה בינונית. הרחבה קלה של סינוסים האורטליים ואאורטה העולה. הודגם נוזל פריקרדיאלי קטן ונוזל פלאורלי מימין. יתר לחץ דם ריאתי ניכר. ",1,0.16
ProcedureSummary,"חדר שמאל מורחב, תפקודו הגלובלי מופחת במידה בינונית-קשה דיפוזית. עקומת המילוי מתאימה להענות ירודה של החדר. חדר ימין בגודל ובתפקוד תקין. האנולוס המיטרלי מסוייד, דליפה מיטרלית מינימלית. בהעדר דליפה טריקוספידלית לא ניתן למדוד לחץ דם ריאתי. עליה שמאלית מורחבת במידה בינונית. ",1,0.16
ProcedureSummary,בדיקה בוצעה בזמן AFIB בממוצע 80 לדקה. קושי טכני קל-בינוני ממנחים אפיקלים. חדר שמאלי בגודל והתכווצות גלובלית ואיזורית תקינה. ספטום מעט אסינכרוני. חדר ימני בגודל והתכווצות תקינה. אי ספיקה מיטרלית מינימלית וטריקוספידלית קלה. לחץ דם ריאתי 14+20+34 - תתכן תת הערכה עקב עקומת TR לא מלאה.  הגדלה קלה+ של העליה השמאלית. הודגם תפליט פריקרדיאלי בכמות קטנה ללא סימני לחץ. IVC מורחב ללא קולפס נשימתי. יש קושי בהערכה דיאסאולית בנוכחות פרפור. ,1,0.16
ProcedureSummary,"בדיקה בוצעה בשכיבה על הגב טכיקרדית.   חדר שמאל מורחב במידה בינונית תפקווד הסיסטולי הגלובלי מופחת במידה קשה באופן דיפוזי , לא ניתן לקבוע תפקוד דיאסטולי, עליה שמאל מורחבת במידה קשה.   חדר ימין בגודל תקין, תפקודו הסיסטולי ירוד במידה קלה, ל""ד ריאתי מוגבר במידה קשה.   מסתם אאורטלי במבנה ותפקוד תקינים, מסתם מיטראלי עם TETHERING ניכר של שני העלים והעדר קואפטציה בינהם דבר המביא לדלף קשה, דלף טריקוספידלי בינוני. מודגם תפליט פריקרדיאלי קטן ללא עדות ללחץ על מדורים ימניים. אלקטרודת קוצב בחדר ימין.",1,0.16
ProcedureSummary,"חדר שמאל עם חלל בגודל תקין (ביחס לBSA) , היפרטרופי במידה קלה,תפקודו הסיסטולי הגלובלי של חדר שמאל  תקין ללא הפרעה אזורית , לא ניתן לקבוע תפקוד דיאסטולי, עליה שמאל מורחבת במידה קלה   מסתם אאורטלי מסוייד ללא דלף או הצרות, אנולוס מיטראלי מסוייד ללא הצרות , דלף מיטראלי וטריקוספידלי מינימלי ",1,0.16
ProcedureSummary,"חדר שמאלי בגודל תקין, התכווצותו הגלובלית ואיזורית תקינה, חדר ימני בגודל והתכווצות תקינה, אי ספיקה מיטרלית מינימלית, אי ספיקה טריקוספידלית מינימלית, אין עדות ליתר לחץ דם ריאתי , ללא הגדלה של העליה השמאלית.  הודגם תפליט פרקרדיאלי בכמות מינימלית, IVC מורחב ללא קולפס נשימתי. ",1,0.16
ProcedureSummary,"עליה שמאלית מורחבת. חדר ימין תקין. חדר שמאל ברוחב תקין עם תפקוד גלובלי ואזורי תקין. אס""ק אאורטלית מינימלית. אס""ק מיטרלית קלה, אס""ק טריקוספידלית מינימלית. לחץ ריאתי תקין. הפרעה ברלקסציה.",1,0.16
ProcedureSummary,"חדר שמאל ברוחב תקין, תפקודו הגלובלי מופחת במידה קשה עם אקיניזה ספטלית, אקיניזה אפיקלית ,אקיניזה אינפריורית. היפוקינזיה פוסטריורית. חדר ימין בגודל ובתפקוד תקין. האנולוס המיטרלי מסוייד קלות דליפה מיטרלית קלה. דליפה טריקוספידלית קלה, עדות ליתר לחץ דם ריאתי קל. עליות ברוחב תקין. האאורטה העולה מורחבת במידה קלה. ",1,0.16
ProcedureSummary,"חדר שמאל עם חלל בגודל תקין, דפנותיו מעובות במידה בינונית,תפקודו הסיסטולי הגלובלי ירוד במידה קשה עם אקיזניה אחורית, ספטובזאלית ואפיקלית, שאר הדפנות היפוקינטיות, לחצי המילוי הדיאסטוליים מוגברים, עליות מורחבות במידה קלה   חדר ימין בגודל תקין עם תפקוד סיסטולי מופחת במידה קשה , ל""ד ריאתי מוערך מוגבר במידה קלה, כנראה תת הערכה בשל דלף טריקוספידלי קשה  מסתם אאורטלי מסוייד פתיחתו מוגבלת עם שטח המתאים להצרות עד קשה אך מפל לחצים נמוך על פניו משנית לFLOW נמוך. דלף מיטראלי קשה עקב TETHERING של עלה מיטראלי אחורי,דלף טריקוספידלי קשה. אלקטרודות קוצב בחללים הימניים ",1,0.16
ProcedureSummary," חדר שמאל בגודל תקין, היפרטרופי, התכווצותו הגךלובלית והאזורית תקינה, חדר ימין תקין, מסתם אאורטלי מעט מסוייד, טבעת המסתם המיטרלי מסויידת, אי ספיקה מיטרלית קלה, אי ספיקה טריקוספידלית מינימלית, לחץ דם ריאתי מוגבר במידה בינונית עד קשה, תבנית מילוי פסוידו נורמלית. יחסE/E' מתאים ללחצי מילוי מוגברים בחדר שמאל. נוזל פריקרדיאלי מינימלי.  ",1,0.16
ProcedureSummary,"חדר שמאלי תקין בגודלו,הספטום מעובה במידה קלה,תפקוד גלובלי ואזורי תקין.  תבנית מילוי תקינה.  חדר ימני תקין בגודלו ובתפקודו.  אי ספיקה מיטרלית מינימלית. אי ספיקה טרקיוספידאלית מינימלית.  לחץ ריאתי תקין.  ללא הגדלה של העליה השמאלית. ",1,0.16
ProcedureSummary,"חדר שמאלי מורחב במידה בינונית, דפנותיו מעובים, ההתכווצותו גלובלית ירודה במידה קשה, אקינזיה פוסטריורית, לטרלית, אינפריורית, ואפיקלית שאר הדפנות היפוקינטים, חדר ימין תפקודו ירוד, אי ספיקה אורטלית מינמלית, מסתם מיטרלי עם רטרקציה ניכרת של העלים לכוון החוד בעיקר האחורי עם אי ספיקה מיטרלית קשה, אי ספיקה טריקוספדלית קלה,  לחץ דם ריאתי מוגבר במידה קשה , הגדלה בינונית של העליה השמאלית וקלה של הימנית.  הודגמה אלקטרודת קוצב בחללים ימניים.",1,0.16
ProcedureSummary,"מבחן אקו במאמץ אינו אבחנתי מאחר והושג  56% מהדופק המירבי לגילו. ללא תעוקת חזה בעת המאמץ שבוצע וללא שינויים איסכמיים. בהתאוששות נצפו VPBS.   הודגם תפקוד גלובלי תקין  בנוכחות הרחבה קלה של חדר שמאלי במנוחה ,ללא הרחבה נוספת או שינוי בתפקוד הגלובלי והסגמנטרי בדופק שהושג. ",1,0.16
ProcedureSummary,"חדר שמאל בגודל תקין ,תפקודו הסיסטולי הגלובלי מופחת במידה קלה עד בינונית עם היפוקינזיה ספטאלית, קדמית ואפיקלית (ראה תרשים) , תבנית המילוי הדיאסטולי פסאודונורמלית ,עליה שמאל מורחבת במידה קלה   חדר ימין בגודל תקין עם תפקוד סיסטולי שמור, ל""ד ריאתי מוערך מוגבר במידה בינונית   מסתם אאורטלי מסוייד עם דלף מינימלי, ללא הצרות, דלף מיטראלי קל ודלף טריקוספידלי קל עד בינוני ",1,0.16
ProcedureSummary,"חדר שמאל מורחב במידה קלה, תפקודו הסיסטולי הגלובלי ירוד במידה קשה באופן דיפוזי עם וריאביליות אזורית מסויימת (התכווצות יחסית שמורה של האפקס ,דופן אחורית לטראלית ,ספטאלית ותחתונה אקינטיות והשאר היפוקינטיות) , תבנית המילוי הדיאסטולי רקסרקטיביתףעליה שמאל מורחבת במידה קלה   חדר ימין בגודל תקין ,תפקודו הסיסטולי הגלובלי ירוד במידה עד בינונית, לא ניתן להעריך ל""ד ריאתי בהעדר סיגנל TR   מסתם אאורטלי מסוייד פתיחתו מוגבלת בגלל FLOW נמוך (PESUDOSEVERE AS כנראה) , דלף מיטראלי בינוני ודלף טריקוספידלי קל. שורש אאורטה ואאורטה עולה מעט מורחבים ",1,0.16
ProcedureSummary,"חדר שמאלי בגודל והתכווצות גלובלית ואיזורית תקינה, חדר ימין תקין, עלייה שמאל מורחבת במידה קלה,  אנולוס מיטרלי מסוייד ללא הפרעה בפתיחה, אי ספיקה מיטרלית קלה-בינונית, אי ספיקה אאורטלית מינימלית, אי ספיקה טריקוספידלית קלה,יתר לחץ דם ריאתי במידה בינונית, ללא נוזל פריקרדיאלי, בהעדר גישה ורידית לא בוצע TEE בחיפוש אחר מקור קרדיואמבולי. ",1,0.16
ProcedureSummary,"חדר שמאלי בגודל תקין,ספטום היפרטרופי, התכווצותו הגלובלית והאיזורית תקינה, חדר ימני בגודל והתכווצות תקינה,הסתיידות קשה של הטבעת המיטרלית הגורמת למפל קטן על פמני המסתם. דלף מיטרלי קל,מסתם אאורטאלי מסויד עם הצירות בינוני , דלף טריקוספידלי קל ,  לחץ דם ריאתי מוגבר במידה קלה,  הגדלה של העליה השמאלית במידה בינונית.   ",1,0.16
ProcedureSummary,"חדר שמאלי מורחב עם התכווצות גלובלית מופחתת במידה קשה, אקינזיה רחבה המערבת את כל הדפנות למעט לטרלית שהיפוקינטית,תבנית המילוי עם מאפיינים רסטריקטיבים, חדר ימני מורחב והיפוקינטי, אי ספיקה מיטרלית בינונית אורטלית קלה וטריקוספידלית קלה עד בינונית עם יתר לחץ דם ריאתי בחומרה בינונית, עליות מורחבות, בהערכת סינכרוניזציה בינחדרית נמצא פער של 75 משנ (משמעותי), בהערכת סנכרוניזציה תוך חדרית (12 סגמנטים), נמצאה סטיית תקן של 58 משנ (משמעותי), הפער בין המחיצה והלטרלית 40 משנ, המאחרת ביותר היא הדופן האחורית. ",1,0.16
ProcedureSummary,"חדר שמאל מורחב, התכווצותו ירודה במידה בינונית עד קשה, אקינזיה אפיקלית אינפרובזלית ופוסטריורית, היפוקינזיה לטרלית, חדר ימין עם תפקוד ירוד במידה קלה. עליה שמאלית מורחבת, אי ספיקה מיטרלית וטריקוספידלית קלה, תבנית מילוי רסטרקטיבית.",1,0.16
ProcedureSummary,"חדר שמאל מורחב במידה קלה, היפרטרופיה קלה, תפקודו הגלובלי בשמור,  חדר ימין מורחב ומופחת בתפקודו. פרוזדורים מורחבים.  הודגם דלף מיטרלי קל, דלף טריקוספידלי קל עד בינוני,לחץ ריאתי מוגבר במידה קשה.  UVC מורחב  עם שינוי נשימתי חלקי ",1,0.16
ProcedureSummary,"חדר שמאל בגודל ותפקוד תקין, תבנית המילוי מתאימה להפרעה בהרפיה, חדר ימין בגודל ותפקוד תקין, הרחבה קלה של עליה שמאלית, אי ספיקה מיטרלית וטריקוספידלית קלה, לחץ דם ראתי תקין ",1,0.16
ProcedureSummary,"חדר שמאלי בגודל תקין, היפרטרופי, התכווצותו הגלובלית ואיזורית תקינה, חדר ימני בגודל והתכווצות תקינה, מסתם אורטלי מסוייד מדגים הצרות בינונית, אי ספיקה אורטלית קלה, טבעת המסתם המיטרלי מסויידת ועלי המסתם מסוידים במידה ניכרת, אי ספיקה מיטרלית בינונית, אי ספיקה טריקוספידלית קלה, לחץ דם ריאתי מוגבר במידה בינונית, הגדלה קלה  של העליה השמאלית, הגדלה של העליה הימנית. ",1,0.16
ProcedureSummary,"חדר שמאלי בגודל תקין ,ספטום היפרטרופי עם התכווצות גלובלית היפרדינמית. ככל הניראה קיים מפל דינמי מדיונטריקולרי שלא הודגם. חדר ימני בגודל והתכווצות תקינה, מסתם אורטלי מסוייד עם דלף מינימלי והצרות בינונית, מסתם מיטרלי מסוייד עם הצירות קלה ודלף מינימלי, דלף טריקוספידלי מינימלי שלא מאפשר הערכת לחץ דם ריאתי, עליות בגודל תקין, הודגם נוזל פריקרדיאלי קטן. ",1,0.16
ProcedureSummary,"עליה שמאלית מורחבת חדר ימין מעט מורחב והיפוקינטי קל. חדר שמאל מורחב עם תפקוד גלובלי ירוד במדיה קשה , דיפוזית. אס""ק מיטרלית קלה. אס""ק  אורטלית מינימלית. טריקוספידלית בינונית +. לחץ ריאתי מוגבר במידה בינונית. תבנית ילוי רסטריקטיבית.",1,0.16
ProcedureSummary,"חדר שמאלי תקין בגודלו  והתכווצותו גלובלית ירודה במידה קלה, אקינזיה אפיקלית. דחיקה של המחיצה בין-חדרית כביטוי לעומס יתר בצד הימני . חדר ימני מורחב עם ירידה בתפקודו, אי ספיקה מיטרלית בינונית, אאורטלית קלה. אי ספיקה טריקוספידלית קשה FREE TR, יתר לחץ דם ריאתי בינוני (תתכן תת-הערכה עקב TR קשה), עליות מורחבות. IVC רחב, ללא תמט נשימתי. מיימת בטנית, תפלט פלאורלי מימין. קוצב מימין.  Regional LV dysfunction.",1,0.16
ProcedureSummary,"חדר שמאלי בגודל תקין, התכווצותו הגלובלית תקינה, תבנית המילוי מעידה על הפרעה ברלקסציה, חדר ימני בגודל והתכווצות תקינה, אי ספיקה מיטרלית קלה, אי ספיקה טריקוספידלית מינימלית, אין עדות ליתר לחץ דם ריאתי, ללא הגדלה של העליה השמאלית.",1,0.16
ProcedureSummary,"חדר שמאל בגודל תקין התכוצותו הגלובלית תקינה. חדר ימין בגודל ותפקוד תקין (התכווצות ערה), עליה ימנית מורחבת מאוד. אי ספיקה מיטרלית קלה אי ספיקה טריקוספדלית בינונית לחץ דם ריאתי תקין.   אין הסבר טוב לממדי העליה הימנית הגדולים , ממליץ להשלים עם בדיקת MRI של הלב וכן לשקול בדיקת אקו וושט להשלים מידע על המחיצה הבינעליתית או הפרעה אחרת הגורמת לממצא זה. ",1,0.16
ProcedureSummary,"בדיקה קשה טכנית, בוצעה בשכיבה על הגב  חדר שמאלי מוגדל והתכווצותו ירודה במידה קלה-בינונית, ספטום מעובה. לא ניתן להעריך תפקוד דיאסטולי. חדר ימני מורחב ותפקודו הסיסטולי ירוד במידה בינונית. עליה שמאל מורחבת. מסתם אורטלי מסוייד עם דלף קל. טבעת המסתם המיטרלי מסויידת עם דלף קשה. אי ספיקה טריקוספידלית בינונית. לחץ דם ריאתי מוגבר במידה קשה.   לא הודגם תפליט פריקרדיאלי.",1,0.16
ProcedureSummary,"חדר שמאל בגודל תקין ,תפקודו הסיסטולי הגלובלי תקין ללא הפרעה אזורית ,תבנית  המילוי הדיאסטולי מתאימה להפרעה ברלקסציה , עליות בגודל תקין   חדר ימין בגודל ותפקוד תקינים ,לא ניתן להעריך ל""ד ריאתי בהעדר סיגנל TR   מסתם אאורטלי תלת עלי מעט מסוייד עם דלף מינימלי ללא הצרות,שאר המסתמים במבנה ותפקוד תקין ",1,0.16
ProcedureSummary,"חדר שמאלי מורחב, היפרטרופיה קלה, התכווצות גלובלית ואזורית מופחתת במידה קשה. חדר ימני בגודל תקין עם ירידה קלה בתיפקודו, אלקטרודות קוצב בחללים ימניים, מסתם האאורטלי מעובה, פתיחה תקינה, אי ספיקה האאורטלית טריוואלית. מסתם מיטרלי עלה אחורי מוגבל בתנועתו, אי ספיקה מיטרלית בינונית, גט אחורי לטרלי, דליפה טריקוספידלית קלה עד בינונית. לחץ ריאתי מוגבר במידה קשה. IVC מורחב, תגובתו לנשימה מופחתת. עליה שמאלית מורחבת במידה בינונית. עליה ימנית מורחבת במידה קלה. ",1,0.16
ProcedureSummary,"חדר שמאלי מורחב עם היפרטרופיה, ירידה גלובלית קשה בתיפקודו, חדר ימין מורחב עם ירידה קשה בתיפקודו, דליפה קלה של מסתם מיטרלי ודליפה קלה עד בינונית של טריקספיד, אין עדות ליתר לחץ דם ריאתי, הגדלה קלה של העליה השמאלית.",1,0.16
ProcedureSummary,חדר שמאל בגודל תקין התכווצותו הגלובלית תקינה. עליות מורחבות במידה בינונית. מסתם אורטלי מסויד. אי ספיקה מיטרלית קלה.   אי ספיקה טריקוספדלית קשה משנית לסגירה בלתי שלמה של עלי המסתם. לחץ דם ריאתי מוגבר במידה קשה. תפליט פריטוניאלי.   ,1,0.16
ProcedureSummary,"עליה  שמאלית מעט מורחבת. עליה ימנית בגול תקין. בתוך העליה ימנית, צמןד לדופן ולביס של העלה הטריקוספידלי הקידמי הודגם ממצא אקוגני בגודל של 3 ס""מ על 0.8 ס""מ. הממצא צמוד לדופן העליה ולא מובילי, אבחנה מבדלת בין טרומבוס, ווגטציה וגרורה.  חדר ימין תקין. חדר שמ אל ברוחב תקין עם תפקוד גלובלי ירוד במדיה בינונית ובאופן דיפוזי. אס""ק מיטרלית מינימלית.  אס""ק טריקוןספידלי בינונית. יל""ד ריאתי בינוני. נוזל פריקרדיאלי בכמות מינימלית. נוזל פלוירלי משמאל .",1,0.16
ProcedureSummary,"הגדלה בינונית של פרוזדור וחדר שמאל. חשד ל-PFO עם דלף משמאל לימין לפי צבע.  חדר שמאל היפרטרופי, התכווצותו ירודה במידה קשה, עם היפוקינזיה  דיפוזית ואקינזיה אינפריורית. הפרעה דיאסטולית עם סימנים של עליה של הלחץ הסוף דיאסטולי.  הסתיידויות במסתם אאורטלי ובטבעת המינטרלית.   חשד להצרות קלה של המסתם האאורטלי. אי ספיקה אאורטלית מינימלית.  אי ספיקה בינונית של המסתמים מיטרלי וטריקוספידלי.  ירידה בשינונים הנשימתיים של IVC.  עליה קשה של הלחץ הריאתי.  תמונה מתאימה לקרדיומיופתיה איסכמית  ",1,0.16
ProcedureSummary,"חדר שמאלי בגודל תקין, היפרטרופי במידה קלה, התכווצותו הגלובלית ואיזורית תקינה, השטחה סיסטולית ודיאסטולית של הספטום הבין חדרי כביטוי למעמס של חדר ימין.  חדר ימני מורחב  ותפקודו מופחת במידה קלה עד בינונית.  הרחבה בינונית של העלייה השמאלית והרחבה קלה של העלייה הימנית.  מסתם אורטלי סקלרוטי עם אי ספיקה אורטלית מינימלית, אי ספיקה מיטרלית קלה עד בינונית, אי ספיקה טריקוספידלית קשה, לחץ דם ריאתי מוגבר במידה קשה, לחץ ורידי סיסטמי מוגבר.     ",1,0.16
ProcedureSummary,"בדיקה בשכיבה על הגב.  פרפור פרוזדורים  חדר שמאל מורחב התכווצותו הגלובלית מופחתת במידה קשה, ראה פיזור אזורי. חדר ימין בגודל תקין. עליה שמאלית מורחבת במידה בינונית. מסתם אורטלי מסויד .הסתידות טבעת מסתם מיטרלי. אין סיגנל דופלר מספיק להערכת עדות ליתר לחץ דם ריאתי.",1,0.16
ProcedureSummary,"חדר שמאלי בגודל תקין, התכווצותו הגלובלית ואיזורית תקינה, חדר ימני בגודל והתכווצות תקינה, מסתם אורטלי מסויד, אי ספיקה מיטרלית קלה, אי ספיקה טריקוספידלית קלה-בינונית, לחץ דם ריאתי מוגבר במידה בינונית, הגדלה קלה של העליה השמאלית.  הודגם נוזל פריקרדיאלי בכמוות קטנה.  מחיצה בין עליתית אנאוריזמטית, הודגם ASD עם דלף קטן משמאל לימין ",1,0.16
ProcedureSummary,"חדר שמאל בגודל תקין, תפקודו הסיסטולי הגלובלי תקין ללא הפרעה אזורית, תבנית המילוי הדיאסטולי פסאודונורמלית (הפרעה דיאסטולית דרגה II) ,עליה שמאל מורחבת  במידה קלה.   חדר ימין בגודל ותפקוד תקינים, ל""ד ריאתי מוערך מוגבר במידה קשה.   מסתם אאורטלי מסוייד עם דלף מינימלי , ללא הצרות, דלף מיטראלי וטריקוספידלי קל. ",1,0.16
ProcedureSummary,"חדר שמאלי תקין עם תפקוד גלובלי ואיזורי תקין  .חדר ימין בגודל ותפקוד תקין. עליה שמאלית תקינה. מבנה ותפקוד המסתמים תקין, דלף טריקוספיד מינימלי. לחץ דם ריאתי מעט מוגבר. ",1,0.16
ProcedureSummary,"בדיקה בוצעה על הגב.  חדר שמאל בגודל תקין, ספטום הפרטרופי במקצת, התכווצות גלובלית תקינה-ערה EF-65% . עליה שמאלית מורחבת במידה קלה. חללי הלב ימניים תקינים. חדר ימין מתכווץ היטב. טבעת מסתם מיטרלי מעט מסוידת. מסתם אורטלי מסויד במידה קלה ללא הצרות. אי ספיקה מיטרלית קלה+. אי ספיקה טריקוספידלית מינימלית. לחץ דם ריאתי 37 ממ""כ מודבר במידה קלה. תפליט פריקרדיאלי קטן ללא סימני לחץ.",1,0.16
ProcedureSummary,"חדר שמאל בגודל תקין, ההתכווצותו הגלובלית שמורה, אקינזיה אינפרו-פוסטריורית, תבנית המילוי תקינה, תדר ימני בגודל והתכווצות תקינה, עליה שמאלית מורחבת במידה קלה, אי ספיקה מיטרלית קלה, מסתם אורטלי מסויד ללא הצרות, אי ספיקה טריקוספידלית מינימלית, לחץ דם ריאתי מוגבר במידה קלה.",1,0.16
ProcedureSummary,"החדר השמאלי בגבול עליון של הנורמה ברוחבו, עובי דופנותיו בגבול עליון של הנורמה. התכווצותו תקינה - הפרדינמית.   הפרוזדור השמאלי מורחב במידה בינונית.  החדר הימני תקין.  מסתם אאורטלי עם הסתיידות נקודתית בעלה, פתיחתו טובה. מפל לחצים קצת מוגבר (22 ממ""כ) עקב לב הפרדינמי, אי ספיקה אאורטלית קלה.  הסתיידות קלה בטבעת המיטרלית. אי ספיקה קלה מיטרלית וטריקוספידלית.  הלחץ הריאתי מוגבר במידה קלה.   לא נמצאו וגטציות.",1,0.16
ProcedureSummary,"חדר שמאל בגודל תקין, הפרטרופי, התכוצותו מופחתת  במידה קלה בינונית, הודגמה הפרעה בתנועת המחיצה הבין חדרית. האם לנבדק יש LBBB? (הבדיקה בוצעה במכשיר ללא א.ק.ג.). האם סיבה נוספת?.  חדר ימין תקין בגודלו ותפקודו, עליות בגודל תקין הסתיידות קלה של מסתם אורטלי, ללא הגבלה בפתיחת המסתם, הסתיידות של טבעת מסתם מיטרלי, אי ספיקה אורטלית ומיטרלית מינימלית",1,0.16
ProcedureSummary,"חדר שמאל מורחב, היפרטרופיה קלה של הספטום, התכווצותו הגלובלית שמורה ללא הפרעה אזורית, חדר ימין מורחב עם תפקוד ירוד במידה קלה, הרחבה בינונית של עליה שמאלית, הרחבה של עליה ימנית, מסתם אאורלטי מעובה עם דלף מינימלי, אי ספיקה מיטרלית קלה עד בינונית, אי ספיקה טריקוספדילית קלה עד בינונית, לחץ דם ריאתי מוגבר במידה קשה. הפרעה דיסאטולית דרגה II.",1,0.16
ProcedureSummary,"התרחבות בינונית של פרוזדור שמאל וקלה של ימין. spontaneus contrast  קל בעליה השמאלית.   החולה עם CAVB  עם קצב פרוזדורי מהיר.    היפרטרופיה קלה של המחיצה הבין חדרית. התכווצות תקינה של חדר שמאל. הזרימה הדיאסטולית המיטרלית מתאימה להפרעה רסטריקטיבית.  חדר ימין מעט מורחב, התכווצותו שמורה.  הסתיידויות קלות במסתם אאורטלי ובטבעת המיטרלית.  אי ספיקה קלה של המסתמים אאורטלי ומיטרלי ובינונית של הטריקוספידי.  התרחבות קלה של הסינוס הקורונרי וגם של IVC. ירידה בשינוים הנשימתיים ב-IVC.  עליה קשה של הלחץ הריאתי.  פלקים אתרוסקלרותים מורלים באאורטה היורדת.  לא נצפה תרומבוס בחללי הלב ולא נצפה מעבר על פי צבע בין הפרוזדורים.  לא נצפתה הפרעה בחיבור של כלי דם הגדולים בלב.  בבדיקת אקו ב-2004 לא היו הסימנים של עומס על החדר הימני ",1,0.16
ProcedureSummary,"חדר  שמאלי ברוחב תקין,  היפרטרופיה קלה,  תפקודו הגלובלי והאזורי  תקין.  חדר ימין ברוחב ותפקוד תקין.פרוזדור שמאלי מורחב בינונית.  מסתם אאורטלי מעט מסויד, דלף קל. האאוטה העולה מעט מורחבת.  אנולוס מיטרלי מעט מסויד, מסתם מיטרלי מעט מעובה, דלף מיטרלי קל.  הודגם דלף טריקוספידלי קל, לחץ ריאתי מעט מוגבר.",1,0.16
ProcedureSummary,"חדר שמאלי בגודל  תקין, דפנותיו מעובות , התכווצות גלובלית תקינה, חדר ימני בגודל והתכווצות תקינה, הגדלה קלה של עליה ימנית,  מסתם אורטלי מסויד עם הצירות קלה ודלף מינימלי, הסתיידות של טבעת מסתם מיטרלי , דלף מיטרלי מינימלי,לא ניתן להדגים לח""ד ריאתי, עליה שמאלית מורחבת במידה בינונית",1,0.16
ProcedureSummary,"חדר שמאלי תקין בגודלו, דופנותיו תקינים בעובים, תפקוד הגלובלי מופחת במידה עד בינונית עקב  אקינזיה אינפריורית ואחורית. (ראה פיזור אזורי). תבנית מלוי פסאודונורמלית עם לחצי מלוי מוגברים. עליה שמאל מורחבת במידה בינונית.   חדר ימני תקין בגודלו ובתפקודו עם עדות ליל""ד ריאתי מוגבר במידה קשה.   מסתם האאורטלי מסויד ללא הצרות או דלף  אי ספיקה מיטרלית מינימלית.   אי ספיקה טריקוספידאלית מינימלית.",1,0.16
ProcedureSummary,"חדר שמאל בגודל תקין, היפרטרופי, תפקודו הגלובלי מופחתת במידה קלה, היפוקינזיה פוסטריורית ואקינזיה אינפריורית. חדר ימין בגודל ותפקוד תקין. עליה שמאלית מורחבת במידה קלה. התרחבות  קלה של שורש האורטה. האאורטה העולה ברוחב תקין. מסתם אורטלי מסוייד, פתיחה מוגבלת, שטח המסתם והמפל על פניו מתאימים להיצרות בחומרה קשה ,דלף אורטלי קל. אי ספיקה מיטרלית קלה. אי ספיקה טריקוספידלית קלה. לחץ דם ריאתי מוגבר במידה קלה. ",1,0.16
ProcedureSummary,"חדר שמאלי בגודל תקין, התכווצותו הגלובלית שמורה, ,חדר ימני בגודל תקין, התכווצותו מופחתת במידה קלה, שורש האורטה והמסתם האורטלי מסויידים,  ללא הצרות, אי ספיקה מיטרלית קלה עד בינונית, אי ספיקה טריקוספידלית בינונית עד קשה, לחץ דם ריאתי מוגבר במידה קלה, הגדלה קלה של העליה השמאלית.  הודגם תפליט פלאורלי משמאל.",1,0.16
ProcedureSummary,"חדר שמאל תקין בגודלו ותיפקודו היפרדינמי, דפנותיו מעובים מעט, עליה שמאלית מורחבת, הפרעה ברקלסציה של חדר שמאל. חדר ימין תקין. אי ספיקה טריקוספידלית קלה, נודליפה מיטרלית טריויאלית. נוזל פריקרדיאלי בכמות קטנה.",1,0.16
ProcedureSummary,"חדר שמאל בגודל תקין, הפרטרופיה קלה , התכווצות גלובלית תקינה, תבנית המילוי פסאודונורמאלית, עליה שמאלית מורחבת במידה קלה, חדר ימין בגודל ותפקוד תקין,  מסתם אאורטלי מסויד, אי ספיקה מיטרלית קלה, אי ספיקה טריקוספידלית מנימלית, לא הודגמה עקומת TR להערכת לחץ דם ראתי , תפליט פלאורלי מימין. ",1,0.16
ProcedureSummary,"הדמיה קשה טכנית, חדר שמאל בגודל תקין, תפקודו הגלובלי תקין, אקינזיה אינפריורית וספטלי בזלי, חדר ימין תקין. עליה שמאלית תקינה. מסתם אורטלי מעובה, דלף מיטרלי וטריקוספיד מינימלי. לא ניתן להעריך לחץ דם ריאתי בשל סיגנל TR קלוש.",1,0.16
ProcedureSummary,"חדר שמאלי בגודל תקין ,דפנותיו מעובים במידה קלה,  התכווצות גלובלית ואיזורית תקינה, תבנית המילוי מתאימה להפרעה ברילקסציה,     חדר ימני בגודל והתכווצות תקינה, דלף מיטרלי וטריקוספידלי מינימלי,    לחץ דם ריאתי תקין , עליות בגודל תקין.",1,0.16
ProcedureSummary,"מונשמת,  חדר שמאלי תקין  בגודלו והתכווצותו גלובלית ירודה במידה בינונית עד קשה , אקינזיה אפיקלית, ספטלית. ספטום מעובה בבסיסו, תבנית המילוי פסאודו-תקינה, חדר ימני מורחב במידה קלה  והתכווצותו ירודה במידה בינונית , אלקטרודות קוצב בחללים ימניים. הסתיידות טבעת מיטרלית, אי ספיקה מיטרלית קלה עד בינונית, מסתם אאורטלי מסוייד עם היצרות קלה , אי ספיקה טריקוספידלית בינונית , יתר לחץ דם ריאתי בינוני, עליות מורחבות. תפליט פלאורלי מימין.  Regional LV dysfunction.",1,0.16
ProcedureSummary,"חדר שמאלי מורחב במידה קלה, התכווצותו הגלובלית מופחתת קל-בינוני EF-45% עם אקינזיה אנפרובזלית והיפוקינזיה ספטלית ואחורית. חדר ימני בגודל והתכווצות תקינה. אי ספיקה מיטרלית בינונית הולוססטולית PISA-6 מ""מ במנגנון של הרחבת הטבעת קרוב לוודאי. אי ספיקה טריקוספידלית קלה עד בינונית. לחץ דם ריאתי 74 ממ""כ מוגבר במידה קשה. יש כנראה הפרעה דיאסטולית משמעותית בנוכחות MR משמעותי. עליה שמאלית מורחבת במידה קלה והימנית בגדל תקין.  הודגם תפליט פלאורלי מימין - לקורלציה עם צל""ח.    ",1,0.16
ProcedureSummary,"חדר שמאלי ברוחב תקין, התכווצותו הגלובלית והאיזורית תקינה. היפרטרופיה בינונית של הספטום הבין חדרי  בעיקר הבזלי. חדר ימני תקין בגודלו ותיפקודו. עליה שמאלית מוגדלת במידה קלה. הודגמה התעבות ניכרת של האנולוס באספקט הלטרלי של המסתם המיטרלי מתאים לCaseous abscess, אי ספיקה בינונית של המסתם ללא היצרות משמעותית. מסתם אורטלי מסוייד עם היצרות בינונית לפי חישוב שטח מסתם ואי ספיקה קלה. אי ספיקה טקריקוספידלית קלה עד בינונית. לחץ ריאתי מוגבר במידה בינונית. ",1,0.16
ProcedureSummary,"חדר שמאל גבולי בגודלו, הפרטרופי, התכווצות גלובלית תקינה עם היפוקינזיה/אסנכרוניה אינפרובזלית, ללא עדות להפרעה דיאסטולית, עליה שמאלית מורחבת במידה קלה, חללי הלב ימניים תקינים, טבעת מסתם מיטרלי מסוידת קלות, מסתם אאורטלי מסויד קלות, אי ספיקה מיטרלית קלה וטריקוספידלית מינימלית, לחץ דם ריאתי תקין, אאורטה עולה מורחבת במידה קלה.",1,0.16
ProcedureSummary,"חדר שמאלי ברוחב תקין, היפרטרופי במידה קלה, התכווצותו גלובלית ואיזורית ערה, תבנית זרימה מיטרלית מתאימה להפרעה ברלקסציה. חדר ימני תקין בגודלו ותיפקודו. עליה שמאלית מוגדלת במידה קלה. אנולוס מיטרלי מסוייד עם מפל קטן בדופק 71 (  יש שטח המודינמי2.2  סמ""ר),   ואי ספיקה מיטרלית מינימלית. מסתם אורטלי מסוייד עם היצרות מינימלית . אי ספיקה טריקוספידלית קלה. לחץ ריאתי מוגבר במידה בינונית עד קשה. IVC רחב. הודגם נוזל פריקרדיאלי בכמות   בינונית. ",1,0.16
ProcedureSummary,"חדר שמאלי ברוחב תקין, עם עיבוי קל של הדופן, התכווצותו תקינה,  חדר ימני יתכן מעט מורחב, תפקודו תקין. הגדלה קלה של העליה השמאלית. מסתם האאורטלי מסויד, מדגים היצרות קלה . טבעת מסתם מיטרלי מסוידת, ללא היצרות , אס""ק מיטרלית קלה+. אס""ק טריקוספידאלית קלה+, לחץ ריאתי מוגבר במידה בינונית.  הודגם נוזל פריקרדיאלי בכמות   עד בינונית, ממוקם בעיקרו מאחורי החדר השמאלי. IVC מורחבת  במידה קלה, קולפס שאיפתי חלקי, ללא שינויים נשימתיים משמעותיים בעקומת הזרימה המיטרלית. ללא סימני לחץ. ",1,0.16
ProcedureSummary,"חדר שמאלי מעט מורחב, מעט הפרטרופי, תפקודו הגלובלי תקין,  תבנית המילוי פסאודונורמאלית,  חדר ימין מורחב במידה בינונית תפקודו מופחת במידה קשה, פרוזדורים מורחבים ,  דלף מיטרלי קל, דלף טריקוספידלי קל עד בינוני, לחץ ריאתי מוגבר במידה קשה.  תפליט פריקרדיאלי  בכמות קטנה , ללא סימני תמט של המדורים הימניים.   ",1,0.16
ProcedureSummary,"חדר שמאל בגודל תקין, היפרטרופי, התכווצותו הגלובלית ואיזורית תקינה, חדר ימין בגודל ותפקוד תקינים, הרחבה קלה של עליה שמאלית, מסתם אורטלי מסוייד עם דלף קל-בינוני, טבעת המסתם מיטרלית מסויידת, אי ספיקה מיטרלית מינימלית, אי ספיקה טריקוספידלית קלה, לחץ דם ריאתי מוגבר במידה בינונית.",1,0.16
ProcedureSummary,"חדר שמאל בגודל תקין, תפקודו הגלובלי שמור, היפוקינזיה אינפרו-פוסטריורית בזאלית. היפרטרופיה קונצנטרית של חדר שמאל. עליה שמאלית מורחבת במידה קלה. עיבוי קל של מסתם מיטרלי. תבנית זרימה בדופלר פסאודונורמלית.   ",1,0.16
ProcedureSummary,"עליה שמאלית מורחבת. חדר ימין תקין.חדר שמאל ברוחב תקין עם תפקוד גלובלי ואזורי תקין. מסתם מיטרלי  רוימטי עם פיחה כיפתי, מדגים היצרות קלה ודלף מינימלי. העלים מעובים, העלה הקידמי גמיש. הסתיידות מינימלית. אס""ק אורטלית קלה. אס""ק טריקוספידלית מינימלית. לחץ ריאתי תקין.",1,0.16
ProcedureSummary,"חדר שמאלי בגודל תקין, ספטום מעובה במידה קלה, התכווצות גלובלית ואיזורית תקינה, תבנית המילוי מעידה על הפרעה ברלקסציה, חדר ימני בגודל והתכווצות תקינה, אי ספיקה מיטרלית קלה, אי ספיקה טריקוספידלית מינימלית, לא ניתן להעריך לחץ דם ריאתי ללא עקומת TR, הגדלה קלה של העליה השמאלית.",1,0.16
ProcedureSummary,"חדר שמאל מעט מורחב, דפנותיו מאוד מעובות, תפקודו הסיסטולי הגלובלי ירוד במידה קשה, גלובלית. לא ניתן להעריך תפקוד דיאסטולי . חדר ימין בגודל תקין ותפקודו הסיסטולי ירוד במידה בינונית בעיקר באמצע עד האפקס של החדר. עליות מעט מורחבות. מבנה מסתם אאורטלי תקין, דרך המסתם דלף מיזערי. אי ספיקה מיטרלית קלה עד בינונית וטריקוספידלית קלה. נימדד יתר לחץ דם ריאתי קל. הודגם תפליט פריקרדיאלי קטן, ללא משמעות המודינמית.    ",1,0.16
ProcedureSummary,"בדיקה קשה לביצוע מטופלת עם קוצר נשימה, הבדיקה בוצע בשכיבה על הגב ובישיבה.  חדר שמאלי מורחב, התכווצות גלובלית ירודה במידה בינונית עד קשה עם אקיניזה אחורית ואינפרולטראלית והיפוקיזיה של שאר הדפנות. הפרעה דיאסטולית דרגה 2. חדר ימני בגודל והתכווצות תקינה.  עלי מסתם אאורטלי מסויידים, דרך המסתם דלף מיזערי. הסתיידות טבעת מסתם מיטרלי, דרך המסתם דלף קשה. אי ספיקה טריקוספידלית בינונית. לחץ דם ריאתי מוגבר במידה בינונית. הגדלה קלה של העליה השמאלית.",1,0.16
ProcedureSummary,"חדר שמאלי מורחב במידה קלה, התכווצותו הגלובלית ירודה במידה קשה, חדר ימני מורחב במידה קלה  ,  התכווצותו ירודה במידה קשה, דליפה אורלית מינימלית, מסתם מיטרלי מסויד , דליפה מיטרלית קשה, דליפה טריקוספידלית קשה , לחץ דם מריאת מוגבר במידה קשה, עליה שמאלית מורחבת   IVC רחבה ללא תמת נשימתי, תפליט פריקרדיאלי בכמות קטנה .",1,0.16
ProcedureSummary,"חדר שמאל בגודל תקין, התכווצותו הגלובלית והאזורית תקינה, חדר ימין תקין, עליה שמאלית מורחבת במידה קלה עד בינונית, מסתם אאורטלי מסוייד אך ללא היצרות, עלי המסתם המיטרלי מעובים, הטבעת מיט מסויידת, אי ספיקה מיטרלית מינימלית, אי ספיקה טריקוספידלית קלה, לחץ דם ריאתי תקין . תבנית מילוי פפסוידו נורמלית.  הודגם נוזל פריקרדיאלי בכמות מינימלית. ",1,0.16
ProcedureSummary,"חדר שמאלי בגודל תקין, התכווצות גלובלית ואיזורית שמורה,  חדר ימני בגודל והתכווצות תקינה, מסתם אורטלי מסוייד ללא הצרות, טבעת מסתם מיטרלי מסויידת, אי ספיקה מינימלית, אי ספיקה טריקוספידלית מינימלית, אין עדות ליתר לחץ דם ריאתי,  הגדלה קלה של העליה השמאלית.",1,0.16
ProcedureSummary,"הבדיקה בוצעה בשכיבה.  חדר שמאלי ברוחב תקין, הפרטרופי, תפקודו הגלובלי והאזורי תקין.  חדר ימין ברוחב ותפקוד תקין. פרוזדור שמאלי מורחב בינונית.  מסתם אאורטלי מסוייד,  דלף קל.  סנוסי האאורטה מעט מורחבבים , האאורטה העולה מורחבת כ 4.6 ס""מ. קשת האאורטה ברוחב תקין.   מסתם אורטלי מסויד עם דלף קל.   אנולוס מיטרלי מעט מסוייד, דלף מיטרלי קל.  הודגם דלף טריקוספידלי קל, לחץ ריאתי מוגבר במדיה קלה.  הודגם תפליט פריקרדיאלי בינוני, ללא סימני לחץ  על חדר ימין .IVC מעט רחבה עם תמט חלקי.  הודגם תפליט פלאורלי בינוני דו צדדי.",1,0.16
ProcedureSummary,"חדר שמאלי בגודל והתכווצות גלובלית ואיזורית תקינה,  חדר ימני בגודל והתכווצות תקינה, אי ספיקה אורטליחת מינימלית, אי ספיקה טריקוספדלית קלה, אין עדות ליתר לחץ דם ריאתי, ללא הגדלה של העליה השמאלית.",1,0.16
ProcedureSummary,"חדר שמאל מורחב במידה קלה, התכוצותו הגלובלית שמורה. . חדר ימין בגודל ותפקוד תקין. עליה שמאלית מורחבת במידה קלה.מסתם אורטלי תותב , מפל סביר על פניו ,הודגם דלף אורטלי בינוני-קשה עם סילון אקסנטרי  שלא הודגם בבדיקה מ-2004,  אי ספיקה מיטרלית קלה. אי ספיקה טריקוספידלית קלה. לחץ דם ריאתי מוגבר במידה קלה.",1,0.16
ProcedureSummary,"חדר שמאל בגודל תקין והיפרטרופי, התכווצותו הגלובלית תקינה. , תבנית המילוי תקינה, חדר ימין בגודל ותפקוד תקין. עליה שמאלית תקינה. אי ספיקה מיטרלית וטריקוספדלית מנימלית. ",1,0.16
ProcedureSummary,"חדר שמאלי בגודל תקין והתכווצותו גלובלית שמורה, אקינזיה אינפריורית,  היפוקינזיה פוסטריורית. תבנית המילוי עם הפרעה ברלקסציה, חדר ימין בגודל ותפקוד תקין, מסתם אורטלי מסויד עם היצרות בינונית עד קשה. אי ספיקה טריקופידלית קלה,  יתר לחץ דם ריאתי קשה, הרחבה קלה של העליה השמאלית.",1,0.16
ProcedureSummary,"חדר שמאלי בגודל תקין, ספטום מעובה במידה קלה, התכווצות גלובלית ואיזורית היפרדינמית עם מראה שמתאים ל APICAL HCM, יתכן ושמני למצב המודינמי ולכן כדאי לחזור על הבדיקה לאחר שיתייצב, חדר ימני בגודל והתכווצות תקינה. מסתם אורטלית מסוייד, אי ספיקה קלה, אי ספיקה מיטרלית וטריקוספידלית מינימלית. אין עדות ליתר לחץ דם ריאתי. הגדלה קלה של העליה השמאלית. הגדלה של אורטה עולה, הודגם תפליט פריקרדיאלי בכמות בינונית לקשה ללא סימני לחץ על חדר ימין אך IVC רחב עם שינויים נשימתיים ירודים. ",1,0.16
ProcedureSummary,"חדר שמאל מורחב במידה בינונית, התכווצות גלובלית תקינה,  עליות מורחבות במידה קלה, חדר ימני  בגודל ותפקוד תקין תקין, מסתם אאורטלי תלת עלי , אי ספיקה אאורטלית בינונית-קשה, אי ספיקה מיטרלית וטריקוספידלית קלה, לחץ דם ריאתי תתקין. אאורטה עולה ושורש אאורטה מורחבים.  ",1,0.16
ProcedureSummary,"חדר שמאל בגודל תקין, התכווצותו הגלובלית ואיזורית תקינה, חדר ימין בגודל ותפקוד תקינים, הרחבה קלה של עליה שמאלית, אי ספיקה מיטרלית קלה, אי ספיקה טריקוספידלית מינימלית, לא ניתן לקבוע לחץ דם ריאתי בשל סיגנל TR קלוש.",1,0.16
ProcedureSummary,"חדר שמאלי ברוחב תקין, דפנותיו בעובי תקין, תפקודו הגלובלי מופחת במידה קלה. הודגמה אקינזיה אנפרובזלית, פוסטרובזלית.   חדר ימין איננו מורחב, תפקודו מופחת. פרוזדור שמאלי מורחב.  מסתם אאורטלי מסויד, מפל לחצים קטן. שטח מחושב כ- 1.3 סמ""ר.  הודגם דלף מיטרלי קל+, דלף טריקוספידלי קל, ללא עדות ללחץ ריאתי מוגבר.",1,0.16
ProcedureSummary,"בדיקה בוצעה בשכיבה על הגב.   חדר שמאלי תקין בגודלו , דופנותיו תקינים בעובים, תפקוד גלובלי תקין. ללא הפרעה איזורית בולטת (איזור קטן ספטואפיקלי פחות ער?).  תבנית מילוי מעידה על הפרעה ברלקסציה של חדר שמאלי. חדר ימני תקין בגודלו ובתפקודו. טבעת מסתם מיטרלי מסוידת במידה קלה מאוד, פתיחה תקינה. אי ספיקה מיטרלית קלה.  אי ספיקה טרקיוספידאלית מינימלית. לחץ ריאתי תקין. הגדלה קלה של העליה השמאלית.   לא הודגם נוזל פריקרדיאלי מעבר למזערי.",1,0.16
ProcedureSummary,"חדר שמאלי בגודל תקין, התכווצותו הגלובלית ואיזורית תקינה, חדר ימני בגודל והתכווצות תקינה, אי ספיקה מיטרלית וטריקוספידלית מינימלית, לא ניתן להעריך לחץ דם ריאתי בהיעדר סיגנל TR, ללא הגדלה של העליה השמאלית. לציין אלמנטים מתנפנפים באיזור המנגנון של המסתם המיטרלי (ווגטציות? אחר?) לברור וקורלציה קלינית. IVC מורחב.",1,0.16
ProcedureSummary,"חדר שמאלי מורחב במידה קלה, מעט מעובה, התכווצותו גבולית. תבנית זרימה רסטריקטיבית. חדר ימני שמור. עליה שמאלית מוגדלת במידה בינונית. עליה ימנית מוגדלת במידה קלה. אי ספיקה מיטרלית קלה, טריקוספידלית קלה. לחץ ריאתי מוגבר במידה בינונית. הרחבה קלה של סינוסים האורטליים ואאורטה העולה. הודגם תפליט פריקרדיאלי קטן ותפליט פלאורלי מימין. ",1,0.16
ProcedureSummary,"חדר שמאלי בגודל תקין, דפנותיו מעובים במידה קלה, התכווצות גלובלית תקינה,  ספטום  היפוקינטוי  קל לאחר ניתוח. השאר הירדינמי. חדר ימני בגודל והתכווצות תקינה, מסתם אורטלי מעובה (קשה להדגים מספר עלים), אי ספיקה אורטלית בינונית לפחות( לאורמטרכאוסטומיה אין תמונות מהמנח הסופרה סטרנלי.  אי ספיקה מיטרלית מינימלית, אי ספיקה טריקוספידלית קלה. לחץ דם ריאתי מוגבר במידה קלה. הגדלה בינונית של העליה השמאלית.",1,0.16
ProcedureSummary,"חדר שמאלי בגודל תקין, התכווצותו הגלובלית ואיזורית תקינה, ללא עדות להפרעה דיאסטולית משמעותית, חדר ימני בגודל והתכווצות תקינה, מסתם אורטלי מסוייד קלות ללא הצרות,  מסתם מיטרלי נראה מעט מסוייד, עלה אחורי מקוצר, אי ספיקה מיטרלית קלה עד בינונית ג'ט אחורי, אי ספיקה טריקוספידלית קלה, לחץ דם ריאתי מוגבר במידה קלה, ללא הגדלה משמעותית של העליה השמאלית. לא הודגם תפליט פריקרדיאלי. ",1,0.16
ProcedureSummary,"חדר שמאלי בגודל תקין, התכווצותו הגלובלית היפרדינמית בנוכחות טכיקרדיה,  תבנית מילוי של חדר שמאל מתאימה להפרעה ברלקסציה עם לחצי מילוי גבוהים. חדר ימין תקין, מפלים מוגברים על מסתם אורטלי ככל הניראה שמני ללב ההיפרדינמי. אי ספיקה טריקוספידלית קלה, לחץ דם ריאתי מוגבר במידה קלה, העליה השמאלית מוגדלת במידה קלה, הרחבה של האורטה העולה.",1,0.16
ProcedureSummary,"בדיקה קשה טכנית.   חדר שמאלי בגודל תקין, הספטום היפרטרופי, התכווצותו הגלובלית תקינה (ערה), חדר ימני תקין, מסתם אורטלי מסוייד ללא הצרות עם דליפה קלה, טבעת המסתם המיטרלי מסויידת עם הצרות בינונית, אי ספיקה מיטרלית קלה, אי ספיקה טריקוספידלית מינימלית, אין עדות ליתר לחץ דם ריאתי, הגדלה קלה של העליה השמאלית.",1,0.16
ProcedureSummary,"חדר שמאלי בגודל תקין, התכווצותו הגלובלית ואיזורית תקינה, השטחה ספטלית כסימן לעומס מימין. חדר ימין מורחב תפקודו תקין, מסתם אורטולי מעובה, אי ספיקה אורטלית מינימלית, מסתם מיטרלי תותב מכני עם מפל לחצים תקין על פניו, אי ספיקה מיטרלית מינימלית, אי ספיקה טריקוספידלית בינונית, לחץ דם ריאתי מוגבר במידה קשה, הגדלה בינונית של העליה השמאלית, הגדלה  קשה של העליה הימנית. ",1,0.16
ProcedureSummary,"בדיקה קשה טכנית, ניבדק מונשם.  חדר שמאל בגודל תקין, התכווצות גלובלית ירודה במידה בינונית, היפוקינזיה דיפוזית אקינזיה ספטלית, עליות בגודל תקין, חדר ימני בגודל  ותפקוד תקין, מסתם אאורטלי מסויד, אי ספיקה מיטרלית וטריקוספידלית מינימלית, לחץ דם ריאתי תקין.",1,0.16
ProcedureSummary," עליה שמאלתי מורחבת. חדר ימין היפוקינטי בינונית. חדרנ שמאל מורחב עם תפקוד גלובלי ירו במידה קשה. הספטום צלקתי ואקינטי. טרבקולציות בולטות באפקס של שני החדרים.( ? לCARDIAC NON COMPACTION) המערובות של חדר ימין בולטת. מסתם אורטלי  דו עלי , מעובה. דלף מיטרלי עד בינני. אס""ק טריקוספידלית קלה. אלקטרודת קוצב מימין.",1,0.16
ProcedureSummary,"חדר שמאלי תקין בגודל והתכווצות גלובלית ואיזורית מופחתת במידה קשה, אקינזיה אפיקלית רחבה, קידמית, וספלית. חדר ימני בגודל תקין והתכווצות תקינה, מסתם אורטלי מעובה עם אי ספיקה קלה , מסתם מיטרלי עם אי ספיקה  קלה, אי ספיקה טירוקספידלית במידה קלה , לחץ דם ריאתי מוגבר במידה קשה, הגדלה קלה של העליה השמאלית. לא הודגם טרומבוס באפקס.",1,0.16
ProcedureSummary,"חדר שמאלי בגודל תקין, היפרטרופי, התכווצות גלובלית ואיזורית היפרדינמית עם מפל מידונטריקולרי דינמי, חדר  ימני בגודל והתכווצות תקינה, מסתם אורטלי מסוייד, אנולוס מיטרלי מסוייד, דלף מינימלי מיטרלי וטריקספידלי, בהיעדר סיגנל TR לא ניתן להעריך לחץ דם ריאתי, הגדלה של העליה השמאלית והימנית. תפליט פריקרדיאלי קל לבינוני, ללא לחץ על חדר ימין, IVC רחב ללא שינויים נשימתיים וזרימה הפוכה בכבד.",1,0.16
ProcedureSummary,"איכות הדמיה מוגבלת (בעיקר מחלון אפיקלי עם איכות הדמיה נמוכה)   חדר שמאל מורחב במידה קלה, תפקודו הסיסטולי הגלובלי ירוד במידה קלה-בינונית באופן דיפוזי (במגבלות איכות ההדמיה) ,לא ניתן לקבוע תפקוד דיאסטולי, עליות מורחבות במידה קלה   חדר ימין בגודל תקין עם תפקוד סיסטולי שמור, ל""ד ריאתי מוערך מוגבר במידה קלה  מבנה ותפקוד המסתמים תקין ",1,0.16
ProcedureSummary,"חדר שמאל בגודל תקין ותפקוד סיסטולי שמור , לא ניתן להעריך לחץ ראתי . חדר ימין מורחב עם תפקוד שמור. עליות מורחבות . אי ספיקה מיטרלית מינימלית. אי ספיקה טריקוספידלית קשה . הלחץ הראתי מוגבר במידה קשה . IVC רחב עם הענות נשימתית נמוכה. נוזל פריקרדיאלי קל עד בינוני . קוצב לב בחללים ימניים ",1,0.16
ProcedureSummary,"בדיקה טכנית קשה , בוצע בשיכבה על הגב  חדר שמאלי בגודל תקין התכווצות גלובלית ואיזורית שמורה , חדר ימני מורחב התכווצות מופחתת במידה קשה, השטחה סיסטולית ודיאסטולית של ספטום בינדחרי כביטוי למעמסת לחץ על חדר ימין, אי ספיקה מיטרלית מינימלית, אי ספיקה טריקספידלית קשה, לחץ דם ריאתי מוגבר במידה קלה, ככל הנריאה תת הערכה בשל FREE TR. עליה השמאלית בגודל תקין.",1,0.16
ProcedureSummary,"חדר שמאל בגודל תקין, דפנותיו אינן מעובות, תפקודו הסיסטולי הגלובלי שמור. הפרעה דיאסטולית דרגה 1. עליות מורחבות. מבנה ותפקוד חדר ימין תקין. עלי מסתם אאורטלי מסויידים, דרך המסתם דלף קל והצרות בינונית. טבעת מסתם מיטרלי מסויידת, דרך המסתם דלף קל. דלף טריקוספידלי קל. לא נימדד יתר לחץ דם ריאתי. שורש אאורטה מורחב.",1,0.16
ProcedureSummary,"חדר שמאלי בגדול תקין עם התכווצות גלובלית ואיזורית תקינה, חדר ימני תקין, עליה שמאלית גדולה מאוד, אי ספיקה מיטרלית בינונית, וטריקוספידלית בינונית קשה, עם יתר לחץ דם ריאתי ניכר. אי ספיקה אורטלית קלה, IVC רחבה עם וריאציה נשימתית מופחתת. תתכן תת הערכה של הדליפה המיטרלית עקב גודל העליה השמאלית ומגבלות הדמיה.",1,0.16
ProcedureSummary,"חדר שמאלי מורחב ,ספטום היפרטרופי עם תפקוד ירוד במידה בינונית עד קשה , ירידה דיפוזית גלובלית, עלייה שמאלית מורחבת במידה קשה, חדר ימני מורחב עם תפקוד ירוד, עלייה ימנית מורחבת, הודגם אלקטרודת קוצב בחללים ימניים. מסתם מיטרלי מסויד עם דלף בינוני, מסתם אאורטאלי מסויד עם הצירות קשה , ואי ספיקה אאורטלית בינונית - קשה, אי ספיקה טריקוספידלית בינונית, לחץ דם ריאתי מוגבר במידה קשה.",1,0.16
ProcedureSummary,"בדיקה קשה טכנית, חדר שמאלי בגודל תקין, ההתכווצותו גלובלית ואיזורית תקינה, חדר ימין מורחב, תפקודו ירוד במידה קלה, השטחה דיסאטולית של ספטום בינדחרי כביטוי למעמסתת נםח על חדר ימין, מסתם אוטלי מסוייד, קושי בהערכת מידת ההיצרות, לפחות בינונית, אם כי LVOT קטן מאוד, ולא ניתן למדוד פלנימטריה בשל קושי בהדמיה, הרושם שלי הוא שהחולה ב LOW CO בגלל דליפה טריקספידלית קשה ועל כן חשיוב השטח בנוסחאת ההמשכיות מוגבלת. טבעת מסתם מיטרלי מסויידת, אי ספיקה מיטרלית מינימלית, אי ספיקה טרקוספדלית קשה, לחץ דם ריאתי מוגבר",1,0.16
ProcedureSummary,"חדר שמאל מורחב במידה קלה, היפרטרופיה קלה, תפקודו הסיסטולי הגלובלי של חדר שמאל תקין, יש דחיקה של הספטום מימין לשמאל (כביטוי ליתר לחץ דם ריאתי) תבנית המילוי פסאודונורמלית חדר ימין מורחב, תפקודו ירוד במידה קלה-בינונית, מסתם אורטלי מסוייד עם דלף מזערי מסתם מיטרלי לאחר תיקון עם קליפ, יש דלף מיטרלי קשה, אקסנטרי מדיאלי קדמי, עם מפל לחצים מעט מוגבר על המסתם דלף טריקוספידלי קל לחץ דם ריאתי מוערך מוגבר במידה קשה הרחבה בינונית של העליה השמאלית",1,0.16
ProcedureSummary,"בשכיבה על הגב, עםCPAP, חדר שמאל תקין בגודלו ותיפקודו, דפנותיו מעובים, חדר ימין תקין בגודלו ותיפקודו, עליה שמאלית מורחבת, בעמדה אורטלית מסתם תותב מפל תקין עם אי ספיקה קלה, טבעת מסתם מיטרלי מסויידת, אי ספיקה מיטרלית קלה טריקוספידליתקה עד בינונית, לחץ ריאתי מוגבר במידה בינונית,IVC מורחב עם תמת, תבנית מילוי רסטרקטיבית.",1,0.16
ProcedureSummary,"חדר שמאל בגודל תקין, היפרטרופיה קלה, תפקודו הגלובלי מופחת במידה קלה, אקינזיה אחורית אינפריורית שלא הודגמה בבדיקה קודמת מ-6.2017, תבנית המילוי מתאימה להפרעה בהרפיה, חדר ימין בגודל ותפקוד תקין, הרחבה קלה של עליה שמאלית, מסתם אאורטלי מסוייד, פתיחתו מוגבלת, שטח מסתם מתאים להיצרות בינונית, הסתידות בטבעת המסתם המיטרלי, אי ספיקה מיטרלית קלה, אי ספיקה טריקוספידלית מינימלית, לחץ דם ראתי תקין",1,0.16
ProcedureSummary,"עליה שמאלית מורחבת. חדר ימין תקין. חדר שמאל מורחב עם תפקוד גלובלי ירוד במדיה בינונית עד קשה , דיקינזיה אינפרו בזלית, אקיזניה אחוירת, ספטום בזלי, אפקילית, היפוקיזניה דיפוזית. מסתם אורטלי מעובה. דלף אורטלי מינימלי. אס""ק מיטרלית קלה. הפרעה ברלקסציה. בדיקת סינכרוניזציה: חדר ימין מתכווץ 15 מילישניות אחרי חדר שמאל (לא משמעותי) YU INDEX=39 ( משמעותי) BAX INDEX= 70 ) משמעותי) הקיר הלטרלי מתכווץ אחרון.",1,0.16
ProcedureSummary,"חדר שמאל בגודל תקין , היפרטרופיה קלה, תפקודו הגלובלי שמור, השטחה של הספטום הבין חדרי כביטוי לעומס מימין, חדר ימין מורחב במידה קלה תפקודו מופחת במידה בינונית, הרחבה של עליה שמאלית וימנית, מסתם אאורטלי תותב עם תפקוד תקין , אי ספיקה מיטרלית בינונית, אי ספיקה טריקוספידלית בינונית-קשה, אלקטרודת קוצב בחדר ימין, לחץ דם ראתי מוגבר במידה קשה, IVC מורחב ללא שינוי נשימתי, אלקטרודת קוצב בחדר ימין.",1,0.16
ProcedureSummary,"החדר השמאלי הפרטרופי, התכווצותו הכללית תקינה. החדר הימני איננו מורחב, עם תפקוד שמור. הפרוזדורים מורחבים במידה בינונית (שטח פרוזדור ימני 29 סמ""ר). מסתם אאורטלי תותב ביולוגי עם תפקוד תקין. מסתם מיטרלי מעובה. אי ספיקה מיטרלית עד בינונית. אי ספיקה טריקוספידלית בינונית קשה. הלחץ הריאתי מוגבר במידה קשה. האאורטה העולה מורחבת 52 מ""מ. הודגמה טרשת קשה בקשת ובאאורטה היורדת (ללא אלמנטים מוביליים). לא נמצאו וגטציות.",1,0.16
ProcedureSummary,"הדמיה חלקית, טכנית מוגבלת. חדר שמאל חלל קטן, תיפקודו הגלובלי תקין. חדר ימין תקין, מסתם אורטלי מסוייד עם היצרות בינונית. מסתם מיטרלי עם פתיחה כיפתית ללא מפל מוגבר על פניו, במיגבלת ההדמיה ללא דלף מיטרלי וטריקפסידלי, לא ניתן להעירך לחץ דם ריאתי. תפליט פלואורלי דו""צ.",1,0.16
ProcedureSummary,"חדר שמאל ברוחב תקין, תפקודו הגלובלי שמור עם אקינזיה אינפריורית. חדר ימין בגודל תקין. המסתם ההאורטלי מסוייד עם פתיחה תקינה. האנולוס המיטרלי מסוייד עלי המסתם מסויידים עם דליפה בחומרה בינונית עד קשה ומפל קטן . דליפה טריקוספידלית קלה, עדות ליתר לחץ דם ריאתי קל. עליות מורחבות.",1,0.16
ProcedureSummary,חדר שמאלי בגודל והתכווצות גלובלית ואיזורית תקינה. חדר ימני בגודל והתכווצות תקינה. עליות תקינות. אי ספיקה מיטרלית קלה. אי ספיקה טריקוספידלית קלה-בינונית. לחץ דם ראתי מוגבר. ללא קרישי דם בעליה ואוזנית עליה שמאל. בוצעו מדידות של האוזנית במנחים שונים,1,0.16
ProcedureSummary,"חדר שמאל עם חלל בגודל תקין, הספטום מעובה במידה בינונית, תפקודו הסיסטולי הגלובלי של חדר שמאל שמור עם אקינזיה אחורית ולטראלית, לא ניתן לקבוע תפקוד דיאסטולי , עליה שמאל מורחבת במידה בינונית חדר ימין מורחב (בעיקר איזור האנולוס) עם תפקוד תקין, ל""ד ריאתי מוערך מוגבר במידה בינונית עד קשה מסתם אאורטלי מסוייד ללא דלף או הצרות, תותב מכאני בעמדה מיטראלית עם תפקוד תקין, מודגם דלף טריקוספידלי בינוני (תתכן תת הערכה כי אנולוס טריקוספידלי מורחב במידה ניכרת) הודגם נוזל פלאוראלי.",1,0.16
ProcedureSummary,"חדר שמאלי בגודל תקין, דפנותיו מעובים בינוני. התכווצות גלובלית ואיזורית תקינה. עליה שמאל מוגדלת בינוני. חדר ימני בגודל והתכווצות תקינה, עליה ימין מוגדלת קל. מסתם אורטלי מסוייד עם הצרות בינונית. אי ספיקה אאורטלית בחומרה קלה לבינונית עקב חוסר קואפטציה של העלים. טבעת המסתם המיטרלי מסויידת בחומרה קשה, אי ספיקה מיטרלית בינונית, אי ספיקה טריקוספידלית קלה, לחץ דם ריאתי מוערך מוגבר במידה קשה. הרחבה קלה של אאורטה בשורש ובחלקה העולה.",1,0.16
ProcedureSummary,"חדר שמאלי בגודל תקין, התכווצות גלובלית ירודה במידה קשה, חדר ימני בגודל והתכווצות תקינה, מסתם אורטלי מסוייד, הצרות קשה, אי ספיקה מיטרלית וטריקוספידלית קלה, הלחץ הריאתי מוגבר במדה קלה, הגדלה קלה של העליה השמאלית. הודגם תפליט פלאורלי דו צדדי.",1,0.16
ProcedureSummary,בדיקה באיכות טכנית ירודה ביותר לא אבחנתית. חדר שמאל ברוחב צתקין . רושם של הפרעה אזורית ספטו אפיקלי ואינפרו פוסטרירורית.קשה להתרשם מהתפקוד הגלובלי טבעת מיטרלית מסויידת.,1,0.16
ProcedureSummary,"חדר שמאל מורחב, ספטום היפרטרופי, התכווצותו הגלובלית שמורה, אקינזיה אינפרו ופוסטרובזאלית (צלקת), חדר ימין מורחב עם תפקוד מופחת במידה קלה, הרחבה בינונית של עליה שמאלית, הרחבה של עליה ימנית, מסתם אאורטלי מסוייד עם דלף מינימלי, טבעת המסתם מיטרלית מסויידת, אי ספיקה מיטרלית בינונית עד קשה, רטרקציה של העלה האחורי, אי ספיקה טריקוספידלית קשה, לחץ דם ריאתי מוגבר במידה קשה. אלקטרודת קוצב בחללי הלב הימניים.",1,0.16
ProcedureSummary,"חדר שמאלי בגודל והתכווצות גלובלית ואיזורית תקינה, תבנית המילוי פסוידו-תקינה, חדר ימני בגודל והתכווצות תקינה, מסתם אורטלי מסוייד עם היצרות מינימלית, דלף אורטלי מינימלי, טבעת המסתם המיטרלי מסויידת , מסתם מיטרלי מעובה , דלף מיטרלי קל ,דלף טריקוספידלי קל, אין עדות ליתר לחץ דם ריאתי, הגדלה של העליה השמאלית.",1,0.16
ProcedureSummary,"חדר שמאלי בגודל והתכווצות גלובלית ואיזורית תקינה, היפרטרופי, חדר ימין מורחב עם ירידה בינונית לקשה בתיפקודו, ישנה השטחה סיסטולית של ספטום בינחדרי כביטוי למעמסת לחץ על חדר ימין, מסתם אורלי מעובה, מסתם מיטרלי מסוייד, דליפה קלה לבינונית של מסתם מיטרלי וטריקספידלי, עדות ליתר לחץ דם ריאתי קל, הגדלה בינונית של העליה השמאלית. הגדלה של עליה ימין. יכול להתאים ללחצי מילוי גבוהים של חדר שמאל.",1,0.16
ProcedureSummary,"חדר שמאלי מורחב, התכווצותו הגלבולית שמורה, דופנותיו מעובים במידה קלה, חדר ימני תקן בגודלו ובתפקודו. טבעת מסתם מיטרלי מסוידת, פתיחה תקינה. אי ספיקה מיטרלית מינימלית, טריקוספידאלית מינימלית. לחץ ריאתי תקין, עליה שמאלית מורחבת במידה בינונית. עליה ימנית מורחבת במידה קלה.",1,0.16
ProcedureSummary,"חדר שמאלי בגודל תקין, היפרטרופי עם התכווצות גלובלית ירודה במידה קשה - ירידה לעומת בדיקה קודמת, חדר ימין תקין, מסתם אורטלי מעובה ומסוייד עם היצרות בינונית לקשה - יתכן PSEUDO SEVERE AS משני לירידה בתיפקוד חדר שמאל, מסתם מיטרלי מעובה ומסוייד, אנולוס מסוייד, דלף קל לבינוני והיצרות בינונית, דלף טריקספידלי בינוני לקשה, עדות ליתר לחץ דם ריאתי קשה, הגדלה בינונית של העליה השמאלית. תפליט פריקרדיאלי קטן, תפליט פלואורלי.",1,0.16
ProcedureSummary,"חדר שמאל מורחב, היפרטרופי, תפקודו הגלובלי שמור עם היפוקינזיה אינפרובזלית ופסטרולטרלית.. חדר ימין בגודל ובתפקוד תקין. המסתם האאורטלי מסוייד קלות, פתיחתו תקינה. האנולוס המיטרלי מסוייד קלות, דליפה מיטרלית מינימלית, דליפה טריקוספידלית מינימלית, עדות ליתר לחץ דם ריאתי בחומרה בינונית. עליה שמאלית מורחבת .",1,0.16
ProcedureSummary,"הרחבה של אורטה העולה. עליה שמאלית מורחבת. חדר ימין תקין. חדר שמאל ברוחב תקיקן עם תפקוד גלובלי ירוד במדיה קשה. אקיזניה יד ספטלית, מידאנטריוריראת וןמיד אינפריורית, אקינזיה אפיקלית. מסתם אורטלי תותב ביולוגי עם מפל לחצים תקין על פניו. הסתיידות קשה של הטבעת המיטרלית, מסתם מיטרלי מעובה ומסויד, מפל מיטרלי קטן, דלף מיטרלי קשה אקצנטרי לכיוון קידמי ספטלי. אס""ק טריקוספידלית קלה עד בינונית. יל""ד ריאתי קשה.",1,0.16
ProcedureSummary,"בדיקה מעט קשה טכנית. חדר שמאלי ברוחב תקין, היפרטרופי קל, תפקודו הגלובלי והאזורי הפרדינמי EF-65%. הפרעה ברלקסציה של חדר שמאלי. הפרעה דיאסטולית קלה-בינונית לפי שילוב הפרמטרים. מפל לחצים במוצא חדר שמאלי - במנוחה כ 12 ממ""כ, בולסלווה מתגבר עד 34 ממ""כ. חדר ימין ברוחב ותפקוד שמור. פרוזדורים ברוחב תקין. הודגם דלף אאורטלי קל-בינוני. דלף מיטרלי קל מאוד. דלף טריקוספידלי מינימלי. לחץ ריאתי מוערך כתקין.",1,0.16
ProcedureSummary,"חדר שמאלי בגודל תקין תפקודו הגלולבי הסיסטולי מופחת במידה קלה-בינונית באופן דיפוזי. חדר ימין בגודל תקן תפקודו שמור. הרחבה של עליה שמאלית במידה קלה. מסתם אאורטלי מסוייד מפתחו מוגבל הצרות בינונית של המסתם עם דלף מנימלי, מסתם מיטרלי מעבוה וסקלרוטי עם דלף קל-בינוני דרכו , מסתם טריקוספידלי עם דלף קל , לחץ דם ראתי סיסטולי מוערך כמוגבר במידה בינונית. וריד נבוב תחתון מורחב לקות ואינו עובר תמט נשימתי הולם , ללא תפליט פריקרדיאלי. ללא הרחבה של אאורטה עולה או שורש האאורטה.",1,0.16
ProcedureSummary,"חדר שמאל בגודל תקין, התכווצותו הגלובלית מופחתת במידה קלה, עם אקינזיה פוסטריורית ואינפרובזלית,.תבנית המלוי פסאודונורמלית.עליה שמאל מורחבת במידה קלה. חדר ימין תקין בגודל ותפקוד תקינים עם ל""ד ריאתי מוגבר במידה בינונית. מסתם אאורטלי לאחר TAVI,הודגם דלף פרא-וולוולריבחומרה קלה עד בינונית (קשה להעריך באופן מדוייק מאחר וקשה לראות כמה מהיקף הטבעת תופס הדלף, תתכן תת הערכה). הודגמה אי ספיקה מיטרלית קלה עד בינונית, ואי ספיקה טריקוספידלית קלה עד בינונית.",1,0.16
ProcedureSummary,"חדר שמאלי מורחב קל, התכווצות גלובלית מופחתת בחומרה קשה, היפוקינזיה קשה של סגמנטים בזלים, השאר אקינטי. עליה שמאל מוגדלת בינוני. חדר ימני מורחב קל והתכווצותן מופחתת בחומרה קשה. עליה ימין לא מוגדלת. מסתם אורטלי מסוייד קלות, תפקודו תקין. טבעת מסתם מיטרלי מסויידת קל, אי ספיקה מיטרלית קלה, אי ספיקה טריקוספדלית קלה, לחץ דם ריאתי מוגבר במידה בינונית. IVC רחב וללא תמט נשימתי, כביטויי ללחץ ורידי מרכזי מוגבר.",1,0.16
ProcedureSummary,"חדר שמאל מורחב במידה בינונית, התכווצותו הגלובלית ירודה במידה קשה (ראה פיזור אזורי בתרשים מצ""ב). נצפה SEC בחדר שמאל. עליה שמאלית מורחבת במידה בינונית. חדר ימני בגודל תקין והתכווצותו תקינה. עליה ימנית מורחבת במידה קלה. הודגם קוצב בחללי הלב הימניים. מסתם אוראלי מסוייד עם דליפה קלה. טבעת מסתם מיטרלי מסוידת, אי ספיקה מיטרלית וטריקוספידלית קלה, לחץ דם ריאתי מוגבר במידה בינונית, אאורטה עולה מורחבת (שורש האורטה וחלקה עולה הקריבני).",1,0.16
ProcedureSummary,"הנבדק מונשם. איכות הדמיה בינונית. חדר שמאלי ברוחב תקין, דפנותיו בעובי תקין, התכווצות גלובלית תקינה, רושם להיפוקינזיה של דופן תחתונה, במגבלות ההדמיה. חדר ימין ברוחב ותפקוד תקין.פרוזדורים ברוחב תקין. מסתם אאורטלי מסוייד במידה קשה, שטח מסתם מחושב מעיד על הצרות קשה, אולם מפל לחצים ו VTI ratio אינם תומכים בהצרות קשה, כל זאת בנוכחות נפח פעימה נמוך. לסיכום: הצרות אאורטלית בינונית לקשה. טבעת מסתם מיטרלי מסויידת במידה קשה ובעטיה מפל לחצים מוגבר במילוי חדר שמאל, דלף מטראלי קל לבינוני. הודגם דלף טרי",1,0.16
ProcedureSummary,"חדר שמאלי בגודל תקין, היפרטרופי, התכווצותו הגלובלית והאיזורית תקינה, חדר ימני מעט מורחב, היפרטרופי, התכווצותו ירודה במידה בינונית, מסתם אורטלי תותב ביולוגי, לאחר TAVI מתפקד היטב, דלף קל פאראולוולרי, ישנה מלאות ריקמתית מסביב למסתם שמעלה שאלה של אבצס, אין בידי בדיקה להשוואה, יש מקום לשקול הדמיה נוספת ב CT או TEE. אי ספיקה מיטרלית קלה, אי ספיקה טריקוספידלית קלה, אין עדות ליתר לחץ דם ריאתי, הגדלה קלה של העליה השמאלית, הגדלה של העליה הימנית. הודגמה אלקטרודת קוצב בחללים הימניים. תפליט פריקרדיאלי קט",1,0.16
ProcedureSummary,"חדר שמאל מורחב במידה בינונית, מעט היפרטרופי, ההתכווצותו הגלובלית ירודה במידה קשה, דיסקינזיה אינפרובזלית, אקיזניה אינפרו-פוסטריורית, אקינזיה לטרו-בזלית, אקינזיה ספטו-בזלית, שאר הדפנות היפוקינטיות, תבנית מילוי רסטריקטיבית, עליות מורחבות במידה קלה, מסתם אורטלי תותב ביולוגי עם תפקוד תקין, אי ספיקה אאורטלית מינימלית, אי ספיקה מיטרלית בינונית, אי ספיקה טריקוספידלית קשה, חדר ימין מורחב , תפקודו מופחת, לחץ דם ריאתי מוגבר במידה בינונית, אורטה עולה מעט מורחבת, הודגמה מיימת.",1,0.16
ProcedureSummary,"חדר שמאלי בגודל והתכווצות גלובלית ואיזורית תקינה, חדר ימין תקין בגודל ותפקוד, מסתם אורטלי מסוייד ללא הצרות, אי ספיקה אורטלית מינימלית, טבעת המסתם המיטרלי מסויידת, אי ספיקה מיטרלית מינימלית, אי ספיקה טריקוספידלית מינימלית, לחץ דם ריאתי מוגבר גבולי, עליות גבוליות בגודלן.",1,0.16
ProcedureSummary,"חדר שמאל בגודל תקין , ספטום מעובה במידה קלה, תפקודו הסיסטולי הגלובלי תקין. חדר ימין מורחב עם תפקוד מעט ירוד. עליות מוגדלות. מסתם אורטלי עם עלים מסוידים, פתיחה מוגבלת ןצפלים מוגברים מעט מלווה באי ספיקה מינימלית. מסתם מיטרלי עם עלים מעובים ומסוידים, הצרות בינונית ואי ספיקה קלה עד בינונית. מסתם טריקוספידלי ידוע עם אי ספיקה טריקוספידלית. וריד נבוב תחתון רחב עם הענות חרודה. לחץ ריאתי מוגבר במידה קשה.",1,0.16
ProcedureSummary,"חדר שמאלי מורחב במידה קלה, והתכווצות גלובלית ירודה במידה בינונית ע""ח אקינזיה אחורית ותחתונה, חדר ימני בגודל והתכווצות תקינה, מסתם אורטלי מסוייד עם היצרות קלה על פניו, אי ספיקה אורטלית קלה, אי ספיקה מיטרלית קלה, אי ספיקה טריקוספדלית קלה, אין עדות ליתר לחץ דם ריאתי, הגדלה קלה של העליה השמאלית.",1,0.16
ProcedureSummary,"חדר שמאלי ברוחב תקין, עובי דפנותיו בגבול הנורמה, תפקודו הגלובלי מופחת במידה בינונית-קשה. הודגמה אקינזיה אנטרוספטלית ואנפרואפיקלית (ראה פיזור אזורי). חדר ימין ברוחב ותפקוד תקין. פרוזדורים מורחבים. אנולוס מיטרלי מסוייד, דלף מיטרלי קל, מסתם אאורטלי מעט מסוייד, ללא הפרעה המודינמית. הודגם דלף טריקוספידלי בינוני, לחץ ריאתי מוגבר בינונית.",1,0.16
ProcedureSummary,"חדר שמאל מורחב, התכוצותו ירודה במידה בינונית-קשה. היפרטרופיה קלה. חדר ימני בגודל תקין, התכוצותו שמורה. שתי עליות מורחבות. אלקטרודת קוצב בחדר ועליה ימניים. מסתם מיטרלי מסוייד, אי ספיקה מיטרלית קלה-בינונית, אס""ק טריקספידלית בינונית, מסתם אאורטלי מסוייד, אי ספיקה אאורטלית קלה יתר ל.ד ראתי קל.",1,0.16
ProcedureSummary,חדר שמאל בגודל תקין דפנותיו מעובות התכוצותו הגלובלית תקינה. חדר ימין בגודל ותפקוד תקין. עליה שמאלית מורחבת במידה בינונית. מסתם מיטרלי טבעתו מסוידת עם דלף בינוני. אי ספיקה טריקוספדלית קלה עד בינונית. לחץ דם ריאתי מוגבר במידהקלה הפרעה דיסאטולית דרגה III.,1,0.16
ProcedureSummary,"קוטר חדר שמאל בגבול עליון של נורמה, עיבוי קל של מחיצה בין חדרית, התכווצות מופחתת בינוני עקב היפוקינזה גלובלית, ללא הבדל ניכר בין סגמנטים שונים. עליה שמאל מוגדלת בינוני. חדר ימין בגודל תקין, התכווצותו מופחתת קל, עליה ימין מוגדלת קל. בעמדה אאורטלית מסתם תותב ביולוגי, לאחר TAVI, תקין, דליפה מזערית וולולרית ופרהוולוולרית. עלי מסתם מטראלי מעובים, מסויידים, קצוותיהם נפתחים, הצרות בינונית, אי ספיקה בחומרה בינונית ב TTE, וב TEE א""ס קלה, כצפוי ב TEE חומרה פחתה. מסתם טריקספידלי תקין במבנהו ודרכו א""",1,0.16
ProcedureSummary,"חדר שמאלי בגודל תקין, תפקודו הגלובלי שמור, היפוקינזיה ספטלית, תבנית המילוי מתאימה להפרעה ברילקסציה, חדר ימני בגודל והתכווצות תקינה, מסתם אוטרלי מסויד ללא דלף או הצירות, דלף מיטרלי קל,דלף טריקוספידלי קל, לחץ דם ריאתי תקין , עליות בגודל תקין",1,0.16
ProcedureSummary,"חדר שמאלי ברוחב תקין, דפנותיו בעובי תקין, תפקודו הגלובלי תקין, תבנית המילוי פסאודונורמאלית, חדר ימין ברוחב ותפקוד תקין. פרוזדורים מורחבים. מסתם אאורטלי מעט מסויד, פתיחתו טובה, דלף אאורטלי קל. אנולוס מיטרלי מסויד, דלף מיטרלי בינוני, דלף טריקוספידלי קל- בינוני, לחץ ריאתי מוגבר במידה בינונית. הודגם תפליט פריקרדיאלי מינימלי",1,0.16
ProcedureSummary,"חדר שמאל מורחב במידה קלה, תפקודו הגלובלי מופחת במידה בינונית, אקינזיה אחורית אינפריורית , אנטרו ולטרואפיקלית, חדר ימין בגודל ותפקוד תקין , עליה שמאלית לא מורחבת, אי ספיקה אאורטלית קלה, אי ספיקה מיטרלית וטריקוספידלית קלה, לחץ דם ראת מוגבר במידה קלה, אלקטרודת קוצב בחדר ימין",1,0.16
ProcedureSummary,"חדר שמאלי בגודל תקין, התכווצותו הגלובלית תקינה, אקינזיה אינפרו-באזלית, ספטום באזלי מעובה, העליה השמאלית בגודל תקין, האוזנית והורידים הפולמונריים נקיים, הודגמה אלקטרודת קוצב בחללים הימניים, המחיצה בין עלייתית ללא פגם, המסתם המיטרלי עדין עם עיבוי קל בקורדה טנדינאי, אין עדות לוגטציות בארבעת המסתמים, אי ספיקה מיטרלית קלה עד בינונית, אי ספיקה טריקוספידלית קלה, האורטה העולה והיורדת ברוחב תקין, עם אטרומות דרגה 1 באורטה היורדת.",1,0.16
ProcedureSummary,"חדר שמאל מורחב במידה קלה, תפקודו הגלובלי מופחת במידה קשה (ראה פיזור איזורי), חדר ימין מורחב תפקודו שמור, הרחבה של עליה שמאלית וימנית, מסתם אאורטלי מסוייד, היצרות אאורטלית קשה, הסתידות בינונית בטבעת המסתם המיטרלי, אי ספיקה מיטרלית קלה-בינונית, אי ספיקה טריקוספידלית בינונית, לחץ דם ראתי מוגבר במידה קשה, אלקטרודת קוצב בחדר ימין .",1,0.16
ProcedureSummary,"קשה טכני, ליד מיטת החולה. חדר שמאל מורחב במידה קשה התכווצותו הגלובלית ירודה במידה קשה,עם אקינזיה אפיקלית נרחבת, ספטאלית , תחתונה ומיד-אנטריורית. תבנית המילוי הדיאסטולי מתאימה להפרעה ברלקסציה, עליה שמאל מורחבת במידה בינונית. חדר ימין בגודל ותפקוד תקינים עם ל""ד ריאתי מוגבר במידה קלה. מסתם אאורטלי במבנה ותפקוד תקינים עם דלף מינימלי, דלף מיטראלי קל עד בינוני, דלף טריקוספידלי מינימלי. אחקטרודות קוצב בחללים הימניים.",1,0.16
ProcedureSummary,"חדר שמאלי בגודל תקין, התכווצות גלובלית ירודה במידה קשה, אקינזיה אפיקלית, היפוקינזיה ספטלית, תבנית המילוי פסאודונורמאלית, חדר ימני מורחב במידה קלה התכווצות תקינה, מסתם אורטלי מסוייד ללא הצרות, אי ספיקה מיטרלית קלה, אי ספיקה טריקוספידלית בינונית , לחץ דם ריאתי מוגבר במידה קשה, הגדלה קלה של העליה השמאלית וימנית, אלקטרודת קוצב בחדר ימין .",1,0.16
ProcedureSummary,"חדר שמאלי בגודל תקין, עיבוי קל של מחיצה בין חדרית, דפנות אינן דקות. התכווצות גלובלית מופחת במידה קשה. הרוב אקינטי למעט היפוקינזיה קשה של חלקים בזלים וחלקים אמצעיים של דופן אחורית וצדדית. עליה שמאל מוגדלת בינוני. חדר ימני מורחב התכווצותו מופחתת במידה קשה, עליה ימין מוגדלת קל. עלי מסתם אאורטלי מעובים קל, דרכם אי ספיקה קלה. עלי מסתם אאורטלי מעובים קל ומסויידים, דרכם אי ספיקה בינונית עם סילון אקסצנטרי בעל נטיה מדיאלית. אי ספיקה טרקיוספידלית קלה לבינונית, לחץ דם ריאתי מוגבר במידה בינונית.",1,0.16
ProcedureSummary,"חדר שמאל תקין בגודלו ותיפקודו, ספטום מעובה במידה קלה. חדר ימין מורחב והיפוקינטי,הודגמה השטחה של ספטום בין חדרי (צורת D בדיאסטולה) עליות מורחבות - השמאלית במידה קלה והימנית במידה בינונית. בעמדה אורטלית מסתם תותב TAVI עם מפל 15/7 תקין. טבעת מסתם מיטרלי מסויידת עם מםל קטן 8/3 . אי ספיקה מיטרלית קלה מאד טריקוספידלית קלה+, לחץ ריאתי מוגבר במידה קשה מאד 103 ממ""כ. IVC מורחב ללא תמט. הפרעה דיאסטולית קלה-בינונית. נוזל פריקרדיאלי בכמות קטנה+ ללא סימני לחץ (ללא שינוי משמעותי מ 8.5.13 ).",1,0.16
ProcedureSummary,"חדר שמאל בגודל תקין, הפרטרופי , התכווצות גלובלית תקינה, עליה שמאלית מורחבת במידה בינונית, חדר ימני תקין בגודל ותיפקוד, טבעת מסתם מיטרלי מסויד, מסתם מיטרלי מסויד אי ספיקה מיטרלית בינונית, מסתם אאורטלי מסויד, א ספיקה טריקוספידלית בינונית, לחץ דם ריאתי מגבר במידה קשה.",1,0.16
ProcedureSummary,"חדר שמאלי מורחב בינונית, הפרטרופי בינונית, תפקודו הגלובלי שמור, הפחתה של הספטום. חדר ימין מורחב ומופחת בינוננית בתפקודו. פרוזדור שמאלי מורחב במידה קשה, מפרוזדור ימני מורחב בינונית. שורש האאורטה והאאורטה העולה מורחבים, קשת האאורטה ברוחב תקין. אנולוס מיטרלי מסוייד, מסתם מיטרלי סקלרוטי עם FLAIL צשל העלה הקידמי. דלף מיטרלי קשה. מסתם אאורטלי מסוייד, מוצר, שטח מחושב כ 1.4 סמ""ר, דלף קל. מסתם טריקוספידלי לאחר תקיון, הודגם דלף בינוני, לחץ ריאתי מוגבר במידה קשה IVC מורחב כמעט ללא תמט. הודגמה מיי",1,0.16
ProcedureSummary,"חדר שמאלי בגודל תקין, ספטום היפרטרופי, התכווצותו הגלובלית ואיזורית תקינה, דחיקה ספטלית כסימן לעומס מימין. בכמה פעימות רושם של SEPTAL BOUNCE, חדר ימני מורחב תפקודו מופחת במידה בינונית, מסתם אורטלי מעובה, טבעת המסתם המיטרלי מעט מסויידת, אי ספיקה מיטרלית קלה, אי ספיקה טריקוספידלית בינונת , לחץ דם ריאתי מוגבר במידה קשה, הגדלה קלה של העליה השמאלית, הגדלה של העליה הימנית. מיימת. תבנית מילוי רסטריקטיבית בTDI מהירויות נמוכות. קרדיומיופטיה רסטריקטיבית?",1,0.16
ProcedureSummary,"חדר שמאלי מורחב, היפרטרופי, התכווצות גלובלית ירודה במידה קשה, אקינזיה תחתונה אחורית ספטלית, חדר ימני מורחב עם ירידה קלה בהתכווצות, אלקטרודת קוצב בחללים ימניים, מסתם אורטלי מסוייד עם היצרות קלה, מסתם מיטרלי מסוייד, אנולוס מסוייד, דלף קל, דלף קל לבינוני של טריקספיד, עדות ליתר לחץ דם ריאתי בינוני, הגדלה קשה של העליה השמאלית. הגדלה של עליה ימין. מתאים ללחצי מילוי גבוהים של חדר שמאל.",1,0.16
ProcedureSummary,"בדיקה בשכיבה על גב.איכות הדמיה מוגבלת חדר שמאל מורחב במידה קלה עד בינונית (ביחס לBSA), תפקודו הסיסטולי הגלובלי מופחת במידה בינונית עם אנאוריזמה אחורית ותחתונה בזאלית ואקינזיה אינפרוספטאלית ומיד אינפריורית, היפוקינזיה אנטרוספטאלית (ראה תרשים , לציין קיר לטראלי לא מודגם היטב) . תבנית המילוי הדיאסטולי פסאודונורמלית , עליה שמאל מורחבת במידה קלה חדר ימין בגודל תקין עם תפקוד סיסטולי שמור, ל""ד ריאתי מוערך מוגבר במידה קשה . מסתם אאורטלי מעט מעובה ללא דלף או הצרות , מסתם מיטראלי עם TETHERING של ע",1,0.16
ProcedureSummary,"חדר שמאלי בגודל תקין תפקודו הגלובלי הסיסטולי תקין ללא הפרעהאזורית תבנת מילוי דיאסטולי מתאימה להפרעה בהרפי. חדר ימין בגודל ותפקוד תקינים עליה שמאלית ברוחב תקין מסתם אאורטלי מסוייד עם דלף מנימלי ללא הצרות מסתם מטרלי עם טבעת מסויידת דרכו דלף קל מסתם טריקוספידלי עם דלף מנימלי לא ניתן לקבוע לחץ דם ראתי סיסטולי בהעדר סגנל TR מספק ללא תפליט פריקרדיאלי אאורטה עולה לא מודגמת היבט , שורש האאורטה ברוחב תקין",1,0.16
ProcedureSummary,"חדר שמאלי מורחב עם התכווצות גלובלית מופחתת במידה בינונית קשה, תבנית מילוי רסטריקטיבית, חדר ימני תקין, מסתם אורטלי מסויד עם התכות קשה, אי ספיקה מיטרלית וטריקוסםידלית קלה עם יתר לחץ דם ריאתי קל. תפליט פריקרדיאלי קטן ולאורלי דו צדדי.",1,0.16
ProcedureSummary,"בדיקה בוצעה בזמן הפרעות קצב - פרפרו פרוזדורים ו- VPB'S. חדר שמאלי בגודל והתכווצות גלובלית ואיזורית תקינה, עיבוי קל של הספטום. חדר ימני בגודל והתכווצות תקינה, מסתם אורטלי מסוייד עם הצרות קשה ודליפה קלה, מסתם מיטרלי לאחר תיקון עם מפל לחצים תקין על פניו, ודליפה קלה, אי ספיקה טריקוספידלית קלה, אין עדות ליתר לחץ דם ריאתי, הגדלה של העליה השמאלית והרחבה קלה של האאורטה העולה.",1,0.16
ProcedureSummary,"חדר שמאל מורחב במידה קלה, היפרטרופיה קלה, תפקודו הגלובלי מופחת במידה בינונית-קשה, אקינזיה אחורית אינפריורית ולטרלית, סגמנט אינפרובזאלי אנאוריזמטי, תבנית המילוי פסאודונורמאלית, חדר ימין בגודל ותפקוד תקין , הרחבה של עליה שמאלית, מסתם אאורטלי מסוייד, אי ספיקה אאורטלית מינימלית , אי ספיקה מיטרלית וטריקוספידלית קלה, לחץ דם ראתי מוגבר במידה בינונית, אלקטרודת קוצב בחדר ימין",1,0.16
ProcedureSummary,"חדר שמאל מורחב במידה קשה עם תפקוד מופחת במידה קשה, אקינזיה אינפרו פוסטרו לטרלי והיפוקינזיה של השאר ,חדר ימני מורחב עם תפקוד מופחת במידה בינונית,מסתם אורטלי תותב ביולווגי עם מפל לחצים תקין על פניו ודלף פרה וולוולרי קל עד בינוני, דלף מיטרלי קשה, עקב רסטריקציה של העלה האחורי, דלף טריקוספידלי בינוני, לח""ד ריאתי מוגבר במידה קלה( תתכן תת הערכה), IVC רחב ללא הענות נשימתית, עליות מוןרחבות, אלקטרודת קוצב בחללים ימניים,",1,0.16
ProcedureSummary,"בדיקה בוצעה בפרפור פרוזדורים. חדר שמאלי בגודל תקין, ספטום מעובה במידה בינונית,תפקודו הסיסטולי הגלובלי שמור,מודגמת דיסקנזיה אינפרובאזלית,אקינזיה ספטובזאלית ופוסטרובזאלית. לא ניתן לקבוע תפקוד דיאסטולי. עליה שמאלית מורחבת במידה בינונית.חדר ימני בגודל והתכווצות תקינה, מסתם אורטלי מסוייד, דרכו אי ספיקה מנימלית , ללא הצרות, אי ספיקה מיטרלית קלה , אי ספיקה טריקוספידלית קלה עד בינונית, לחץ דם ריאתי מוגבר במידה קשה. IVC מורחב ואינו עובר תמט נשימתי באינספיריום. ללא עדות לתפליט פריקרדיאלי.",1,0.16
ProcedureSummary,"חדר שמאלי מורחב במידה קלה, דפנותיו מעובים במידה קלה, התכווצות גלובלית ואיזורית ירודה במידה קלה , אהיפוקינזיה אחורית אינפריורית, חדר ימני מורחב, התכווצות ירודה במידה בינונית, אי ספיקה אורטלית מינימלית, מסתם מיטרלי לאחר תיקון (חשד להתנתקות של טבעת התיקון), אי ספיקה מיטרלית קלה, אי ספיקה טריקוספידלית קשה, לחץ דם ריאתי מוגבר במידה קשה, הגדלה קשה של העליה השמאלית וימנית, IVC מורחב ללא שינוי נשימתי, הודגמה מיימת",1,0.16
ProcedureSummary,"בדיקה קשה טכנית, מטופלת עם עודף מישקל וCPAP. חדר שמאל תקין בגודלו ותיפקודו, דפנותיו מעובים, חדר ימין מורחב והיפוקינטי, עלי מסתם אורטלי מסויידים פתיחתם שמורה, טבעת מסתם מיטרלי מסויידת, אי ספיקה מיטרלית מינימלית טריקוספידלית עד בינונית, לחץ ריאתי מוגבר במידה קשה מאוד, IVC מורחב ללא תמט, הפרעה דיאסטולית עם תבנית מילוי רסטרקטיבית ורושם ללחצי מילוי גבוהים של חדר שמאל.",1,0.16
ProcedureSummary,"חדר שמאל בגודל תקין. קיימת היפוקיניזיה תחתונה עם תפקוד סיסטולי כולל של חדר שמאל תקין. הפרעה דיאסטולית דרגה III. חדר ימין מורחב ותפקודו הסיסטולי ירוד במידה קלה. עליות מורחבות. עלי מסתם אאורטלי מסויידים, דרך המסתם אי ספיקה קלה. טבעת מסתם מיטרלי מסויידת, דרך המסתם אי ספיקה קלה עד בינונית. אי ספיקה טריקוספידלית בינונית. נמדד יתר לחץ דם ריאתי מוגבר במידה קשה. קיים תפליט פריקרדיאלי קטן, ללא משמעות המודינמית בעיקר סמוך לימין.",1,0.16
ProcedureSummary,"בדיקה טכנית קשה הדמיה ירודה ב-TTE חדר שמאל בגודל תקין, היפרטרופי, תפקודו הגלובלי שמור, הפרעה אינפרובזאלית, תבנית המילווי פסאודונורמאלית, חדר ימין בגודל ותפקוד תקין, הרחבה בינונית של עליה שמאלית, מסתם אאורטלי מסוייד, אי ספיקה מינימלית, אי ספיקה מירטלית קלה, STRAND זעיר 2 מ""מ באספקט העליתי של המסתם (ממצא לא ספציפי, בגלל הספור הקליני לשקול ביקורת TEE בעוד שבועיים ), אי ספיקה טריקוספידלית מינימלית , לא הודגם טרומבוס בחללי הלב , לא הודגם PFO, טרשת קלה באאורטה היורדת ללא מרכיב מובילי.",1,0.16
ProcedureSummary,"חדר שמאל מורחב במידה קלה, תפקודו הגלובלי מופחת במידה קלה-בינונית, אקינזיה אחורית לטרלית היפוקינזיה אינפריורית , חדר ימין מורחב במידה קלה, תפקודו מופחת במידה קלה, הרחבה בינונית של עליה שמאלית, מסתם אאורטלי תותב עם תפקוד תקין, אי ספיקה אאורטלית מינימלית, אי ספיקה מיטרלית קלה, אי ספיקה טריקוספידלית קלה, לחץ דם ראתי מוגבר במידה בינונית, הרחבה קלה של האאורטה העולה.",1,0.16
ProcedureSummary,"חדר שמאל בגודל תקין, ההתכווצותו גלובלית ירודה במידה קשה עם אקינזיה נרחבת (התכווצות רק של סגמנטים בזאליים) . לא ניתן להעריך תפקוד דיאסטולי בבדיקה זו, רושם ללחצי מלוי מוגברים. עליה שמאל מורחבת במידה קלה, עליה ימין מורחב. חדר ימין מורחב עם תפקוד ירוד במידה בינונית, ל""ד ריאתי מוגבר במידה קשה. מסתם אורטלי מסוייד ללא דלף או הצרות. יש TENTING של שני העלים של המתםס המיטראלי עם דלף עד בינונית (לא כומת כראוי בבדיקה זו). אי ספיקה טריקוספדלית קשה. הודגמה אלקטרודת קוצב בחללים ימניים.",1,0.16
ProcedureSummary,"חדר שמאל ברוחב תקין, היפרטרופיה קשה, תפקודו הגלובלי תקין. חדר ימין בגודל ובתפקוד תקין. אלקטרודת קוצב בחללים ימניים. המסתם האאורטלי מסוייד, פתיחתו תקינה. המסתם המיטרלי תותב ביולוגי עם מפל מעט מוגבר בדומה לבדיקה קודמת. המסתם הטריקוספידלי לאחר תיקון עם מפלים תקינים ודליפה קלה, עדות ליתר לחץ דם ריאתי בחומרה בינונית לקשה. עליות מורחבות. תפליט פריקרדיאלי קטן. תפליט פלאורלי משמאל.",1,0.16
ProcedureSummary,"בדיקת TEE לפני היפוך חשמלי מתוכנן עליה שמאל מורחבת במידה קשה, ללא עדות לטרומבוס בעליה/אוזנית, ללא עדות לPFO חדר שמאל עם חלל בגודל תקין ,הספטום מעובה במידה בינונית, תפקודו הסיסטולי הגלובלי תקין ללא הפרעה אזורית ,לא ניתן לקבוע תפקוד דיאסטולי חדר ימין בגודל ותפקוד תקינים , ל""ד ריאתי מוערך מוגבר במידה בינונית מסתם אאורטלי תלת עלי מסוייד , מודגם ממצא מובילי קטן (באורך כ6 מ""מ) צמוד לעלה קורונרי שמאל שנראה כפיברואלסטומה, דלף אאורטלי מינימלי ללא הצרות, אנולוס מיטראלי מסוייד במידה קשה , המפלים הד",1,0.16
ProcedureSummary,"חדר שמאל בגודל תקין ,תפקודו הסיסטולי הגלובלי תקין עם השטחה של הספטום הבין חדרי (D SHAPE) משנית לעומס נפח ולחץ של חדר ימין, לא ניתן לקבוע תפקוד דיאסטולי, עליה שמאל מורחבת במידה קלה, מודגם התקן מסוג AGA OCLLUDER הסוגר את האוזנית, עליה ימין מורחבת חדר ימין מורחב במידה קשה, תפקודו הסיסטולי הגלובלי ירוד במידה בינונית, ל""ד ריאתי מוערך מוגבר במידה קשה מסתם אאורטלי מסוייד קלות ללא דלף או הצרות, דלף מיטראלי קשה (משנית לTETHERING של העלה האחורי), דלף טריקוספידלי קשה (משנית להרחבה של האנולוס)",1,0.16
ProcedureSummary,"חדר שמאלי מורחב במידה קלה, והתכווצות גלובלית ירודה במידה קשה, אקינזיה אחורית אינפריורית ולטרלית, היפוקינזיה של שאר הדפנות, חדר ימני בגודל תקין והתכווצות ירודה במידה בינונית, אי ספיקה אורטלית קלה, אי ספיקה מיטרלית קלה עד בינונית, אי ספיקה טריקוספדלית קלה, לחץ דם ריאתי מוגבר במידה קלה, הגדלה קלה של העליה השמאלית. ירידה בתפקוד חדר שמאל לעומת בדיקה מ-2011",1,0.16
ProcedureSummary,"חדר שמאלי ברוחב תקין, התכווצותו גלובלית ירודה במידה קלה הודגמה תנועה פראדוקסלית של הספטום, אקינזיה ספטובזאלית ואינפרובזאלית, חדר ימני מורחב במידה בינונית, תפקודו הגלובלי מופחת במידה קשה, עליות מוגדלות במידה בינונית. מסתם מיטרלי מעובה ללא היצרות עם אי ספיקה בינונית-קשה. מסתם אורטלי מסוייד עם היצרות קשה לפי חישוב שטח מסתם ואי ספיקה קלה. אי ספיקה טריקוספידלית קשה. לחץ ריאתי מוגבר במידה בינונית. IVC רחב ללא קולפס נשימתי. היפוך זרימה בוורידי הכבד. הודגם נוזל פלאורלי מימין ונוזל בחלל הבטן. הרחבה קלה",1,0.16
ProcedureSummary,"חדר שמאלי מורחב עם ירידה גלובלית קשה בתיפקודו, היפרטרופיה בינונית, אקינזיה תחתונה אחורית, אנאוריזמה תחתונה בזלית, חדר ימין מורחב עם ירידה קשה בתיפקודו, אלקטרודות קוצב בחללים ימניים, מסתם אורטלי מסוייד, דלף קל, דלף מיטרלי קל לבינוני, דלף קל של טריקספידלי, עדות ליתר לחץ דם ריאתי בינוני, הגדלה קלה של העליה השמאלית והימנית, מתאים ללחצי מילוי גבוהים של חדר שמאל. תפליט פלואורלי, תפליט קטן פריקרדיאלי. טרשת באורטה היורדת ובקשת.",1,0.16
ProcedureSummary,"חדר שמאלי בגודל תקין, היפרטרופי, תפקודו הגלובלי תקין, תבנית המילוי פסאודונורמאלית, חדר ימני בגודל והתכווצות תקינה, מסתם אורטלי מסוייד דלף קל עד בינוני, טבעת ומסתם מיטרלי מסויידים, דלף מיטרלי בינוני, דלף טריקוספידלי קל, לחץ דם ריאתי מוגבר במידה קשה, IVC מורחב, אין עדות ליתר לחץ דם ריאתי, הגדלה קלה של העליה השמאלית. הודגמה אלקטרודת קוצב בחללים ימנים Electrode in RV.",1,0.16
ProcedureSummary,"חדר שמאלי מוחרב עם התכווצות גלובלית שמורה, אקינזיה תחתונה אחורית קלה. חדר ימני בגודל והתכווצות תקינה, מסתם אורטלי מסוייד, אנולוס מיטרלי מסוייד, עלים מעובים דלף קשה מרכזי. דלף קל לבינוני של טריקספיד, עדות ליתר לחץ דם ריאתי קשה, הגדלה בינונית של העליה השמאלית.",1,0.16
ProcedureSummary,"חדר שמאלי בגודל תקין, ספטום בזלי מעובה, התכווצותו הגלובלית ואיזורית תקינה, חדר ימין תקין בגודל ותפקוד, מסתם אורטלי מסוייד ללא הצרות, אי ספיקה אורטלית מינימלית, אי ספיקה מיטרלית קלה, אי ספיקה טריקוספידלית קלה, לחץ דם ריאתי מוגבר במידה עד בינונית, הגדלה קלה של העליה השמאלית, הגדלה של העליה הימנית. הודגם תפליט פלוירלי לא גדול מימין. הודגם ממצא מובילי עם גבי המסתם האורטלי בכיוון ה LVOT בגודל עד 5 מ""מ, נראה פחות בולט מהבדיקה הקדומת.",1,0.16
ProcedureSummary,Preserved LV systolic function Normal right ventricle structure and function. Right sided pacemaker electrodes Left atrial enlargement No left atrial appendage thrombus seen Dilated right atrium. Mildly dilated ascending aorta Aortic sclerosis without significant stenosis Moderate aortic regurgitation Mild calcific mitral stenosis Moderate mitral regurgitation Moderate to severe tricuspid regurgitation Interference of RV pacemaker lead on septal tricuspid leaflet Moderate pulmonary,1,0.16
ProcedureSummary,"חדר שמאלי בגודל תקין, היפרטרופיה קלה של הספטום, תפקודו הגלובלי הסיסטולי תקין ואף היפרדינמי. לא ניתן לקבוע תפקוד דיאסטולי. חדר ימין בגודל ותפקוד תקינים. עליה שמאלית מורחבת במידה קלהץ. מסתם אאורטלי מסוייד תלת עלי מפתחו תקין ללא הצרות עם דלף מנימלי. מסתם מטרלי עם דלף קל. מסתם טריקוספידלי עם דלף בינוני עד קשה. לחץ דם ראתי סיסטולי מוערך כמוגבר במידה קשה IVC מורחב 25 ממ, ואינו עובר תמט נשימתי הולם באינספיריום. ללא עדות לתפליט פריקרדיאלי. אאורטה עולה מורחבת במידה קלה.",1,0.16
ProcedureSummary,"חדר שמאל תקין בגודלו, היפרטרופי קונצנטרית, תפקוד גלובאלי ירוד במידה קלה - בהשוואה לבדיקה קודמת רושם לירידה קלה בתפקוד חדר שמאל כאשר בולטת יותר היפוקינזיה קלה לטרלית וקידמית. לחצי מילוי גבוהים של חדר שמאל. חדר ימין תקין. העליה השמאלית מורחבת במידה קלה. אנולוס המסתם המטרלי מסוייד והמסתם מדגים אי-ספיקה מינימלית, מסתם אורטלי תותב ביולוגי, עלי המסתם מעובים (בהשוואה לבדיקה קודמת) אך תפקודו שמו. אי ספיקה טריקוספידלית קלה עד בינונית. יתר לחץ דם ראתי בדרגה בינונית עד קשה. הודגם נוזל פלאורלי מימין.",1,0.16
ProcedureSummary,"עליה שמאלית מורחבת. חדר ימין תקין. חדר שמאל ברוחבתקין עם תפקוד גלובלי ירוד במידה קלה עד בינונית. אקינזיה קידמית, היפוקינזיה ספטלית , טרלית ושל חלק מהאפקס. טבעת מיטרלית מסויידת. TENTING של המסתם המיטרלי עם דלף מיטרלי בינוני. טבעת מיטרלית מעט מסויידת. אס""ק אורטלית קלה. אס""ק אורטרלית מינימלית. אס""ק טריקוספידלית מינימלית. לא ניתן להעריך לחץ ריאתי . תבנית מילוי פסוידו נורמלית. הודגם נוזל פלוירלי מימין.",1,0.16
ProcedureSummary,"הדמיה עם שלילת קריש דם בעליה ואוזנית עליה שמאל , מדידות של הLAA מעבר של המחיצה הבין עליתית , מדידות לאחר הזרקת חומר ניגוד והשתל סוגר ווצ'מן עם תוצאה סופית טובה . מחיצה בין עליתית עם שנט שארי שמאל-ימין",1,0.16
ProcedureSummary,"חדר שמאל בגודל תקין, תפקודו הגלובלי מופחת במידה בינונית-קשה, אקינזיה אחורית אינפריורית ולטרלית, חדר ימין מורחב, תפקודו מופחת במידה קשה, הרחבה של עליה שמאלית וימנית, מסתם אאורטלי מסוייד, STRAND עדין באספקט אאורטלי, אי ספיקה אאורטלית קלה, TETHERING של עלי המסתם המיטרלי, אי ספיקה מיטרלית בינונית, אי ספיקה טריקוספידלית בינונית, לחץ דם ראתי תקין , אלקטרודת קוצב בחדר ימין , IVC מורחב עם שינוי נשימתי חלקי.",1,0.16
ProcedureSummary,"חדר שמאל מורחב עם ירידה גלובלית בינונית בתיפקודו, היפוקינזיה גלובלית עם אקיזניה אחורית תחתונה, ספטום היפרטרופי, תבנית מילוי רסטרקטיבית, חדר ימין תקין בגודלו ותפקודו, עליה שמאלית מורחבת במידה קלה, אי ספיקה מיטרלית וטריקוספידלית מינימלית, בשל סיגנל TR קלוש לא ניתן להעריך לחץ דם ריאתי. תפליט פלואורלי.",1,0.16
ProcedureSummary,"חדר שמאל בגודל תקין, הפרטרופי במקצת, התכווצות גלבולית תקינה, עליה שמאלית תקינה בגודלה, חללי הלב ימניים תקינים, טבעת מסתם מיטרלי מסוידת, אי ספיקה מיטרלית קלה-בינונית, מסתם אורטלי מסויד עם הצרות אאורטלית קשה, אי ספיקה אאורטלית מינימלית, אי ספיקה טריקוספידלית קלה, לחץ דם ריאתי תקין.",1,0.16
ProcedureSummary,"חדר שמאל בגודל תקין, הפרטרופי במקצת, התכווצות גלובלית אסינכרונית, ירודה במידה קלה, הפוקינזיה אינפריורית וספטלית, עליה שמאלית מורחבת במידה קלה, חדר ימני בגודל תקין עם תיפקוד שמור, מסתמים מיטרלי ואאורטלי תותבים ביולוגים, אי ספיקה מיטרלית ואאורטלית מינימלית, מסתם טריקוספידלית אחרי תיקון, אי ספיקה טריקוספידלית קלה-בינונית, לחץ דם ריאתי מוגבר במידה קלה, נוזל פריקרדיאלי בכמות קטנה. Electrode in RA, RV.",1,0.16
ProcedureSummary,"חדר שמאלי בגודל תקין, תפקודו ירוד במידה קלה בינונית, היפוקינזיה ספטלית אנטריורית ואפיקלית, תבנית המילוי רסטרקטיבית, חדר ימין תקין בגודלו ותפקודו, מסתם אורטלי מסוייד מעט, אי ספיקה אורטלית מינימלית, אי ספיקה מיטרלית קלה עד בינונית, אי ספיקה טריקוספדלית קלה, לחץ דם ריאתי מוגבר במידה קשה, הגדלה של העליה השמאלית.",1,0.16
ProcedureSummary,"חדר שמאלי בגודל והתכווצות גלובלית ואיזורית תקינה, חדר ימין תקין, מסתם אורטלי מסוייד, אנולוס מיטרלי מסוייד, דלף קל לבינוני של מיטרל, דליפה בינונית לקשה לטריקספיד, עדות ליתר לחץ דם ריאתי קשה, הגדלה קלה של העליה השמאלית. יכול להתאים ללחצי מילוי גבוהים של חדר שמאל. תפליט פלואורלי.",1,0.16
ProcedureSummary,"חדר שמאלי בגודל תקין, ספטום מעט מעובה עם תנועה אבנורמלית (קיצוב), התכווצותו הגלובלית ירודה במידה בינונית,עליה שמאלית מוגדלת במידה קלה. חדר ימני מורחב, התכווצותו ירודה במידה קלה, הרחבה קלה של העלייה הימנית. מסתם אורטלי מסוייד ללא הצרות, אי ספיקה אורטלית קלה, אי ספיקה מיטרלית קלה עד בינונית, אי ספיקה טריקוספידלית בינונית, לחץ דם ריאתי מוגבר במידה קלה. הודגם אלקטרודת קוצב בחללים ימניים.",1,0.16
ProcedureSummary,"חדר שמאלי בגודל תקין, היפרטרופי , התכווצותו הגלובלית ירודה במידה קלה, איקניהז אינפריורית , פוסטריורית, מסתם אאורטלי מסוייד עם הצרות קלה על פניו, אנולוס מיטרלי מסוייד, אי ספיקה מיטרלית מינימלית , אי ספיקה טריקוספידלית קלה, לחץ דם ריאתי מוגבר במידה קשה, העליה השמאלית מוגדלת במידה בינונית, עליה ימנית מוגדלת במידה קלה, יכול להתאים ללחצי מילוי גבוהים של חדר שמאל, חדר ימין מעט מורחב עם תיפקוד גבולי.",1,0.16
ProcedureSummary,"חדר שמאלי בגודל והתכווצות גלובלית ואיזורית תקינה (בנוכחות הפרעת קצב), הפרטרופיה קונצנטרית ניכרת, חדר ימני מעובה בגודל והתכווצות תקינה , פרוזודרים מורחבים מאוד. שורש אאורטה מורחבת, טבעת מסתם מיטרלי ומסתם אאורטלי מעט מסוידים פתיחתם תקינה. אי ספיקה מיטרלית קלה עד בינונית, אי ספיקה טריקוספידלית עד קשה. עדות ליתר לחץ דם ריאתי, IVC מורחב ללא תגובה רספירטורית וגודש ורידי.",1,0.16
ProcedureSummary,"חדר שמאלי מורחב במידה קשה, התכווצותו הגלובלית ירודה במידה קשה, חדר ימין מורחב תפקודו מופחת במידה קשה עם אלקטרודות קוצב בחללים ימניים, הרחבה של האורטה העולה, מסתם אורטלי מסוייד ללא הצרות, מסתם מירטלי מעובה עם אי ספיקה מיטרלית קלה לבינונית, אי ספיקה טריקוספידלית בינונית לקשה, לחץ דם ריאתי מוגבר במידה קשה, הגדלה בינונית של העליה השמאלית, הגדלה של העליה הימנית. IVC רחב עם ירידה בשינויים הנשימתיים וזרימה הפוכה בורידי הכבד.",1,0.16
ProcedureSummary,"חדר שמאל בגודל תקין, היפרטרופיה קלה של הספטום, התכווצותו הגלובלית תקינה, חדר ימין מורחב עם תפקוד יירוד במידה בינונית, הרחבה קלה של עליה שמאלית וימנית, מסתם אאורטלי תותב מכני עם תפקוד תקין, מסתם מיטרלי תותב מכני עם תפקוד תקין, מסתם טריקוספידלית לאחר תיקון עם דלף מינימלי, לחץ דם ריאתי מוגבר במידה בינונית.",1,0.16
ProcedureSummary,"הדמיה קשה טכנית. חדר שמאלי בגודל תקין, ספטום מעובה במידה קלה, התכווצות גלובלית ואיזורית תקינה, חדר ימני בגודל והתכווצות תקינה, אי ספיקה אורטלית קלה, אי ספיקה מיטרלית וטריקוספידלית מינימלית, אין עדות ליתר לחץ דם ריאתי, הגדלה בינונית של העליה השמאלית. הרחבה של הסינוסים האורטלים.",1,0.16
ProcedureSummary,"חדר שמאל בגודל ותפקוד תקין. עיבוי של הספטום הבזאלי. אי ספיקה מיטרלית עד בינונית, הגדלה קלה של העליה השמאלית. תבנית המילוי פסאודונורמלית. חדר ימני עם תפקוד תקין. אי ספיקה טריקוספידלית קלה עד בינונית. לחץ ראתי מוגבר במידה קלה.",1,0.16
ProcedureSummary,"חדר שמאלי בגודל תקין, התכווצות גלובלית מופחתת במידה קלה, אקינזיה אינפריורית אחורית ספטובזאלית וספטואפיקלית, חדר ימני בגודל והתכווצות תקינה, מסתם אורטלי מסוייד , אי ספיקה קלה, אי ספיקה מיטרלית וטריקוספידלית קלה, אין עדות ליתר לחץ דם ריאתי, הגדלה קלה של העליה השמאלית.",1,0.16
ProcedureSummary,"חדר שמאלי מורחב במידה קלה, דפנותיו מעובים, התכווצות גלובלית תקינה, חדר ימני בגודל והתכווצות תקינה, מסתם אורטלי מסוייד במידה קשה, היצרות אאורטלית קלה, אי ספיקה אורטלית קלה, מסתם מיטרלי מסוייד, אי ספיקה מיטרלית בינונית, תיתכן תת הערכה, אי ספיקה טריקוספדלית בינונית, לחץ דם ריאתי מוגבר במידה קשה, הגדלה קשה של העליה השמאלית.",1,0.16
ProcedureSummary,"חדר שמאל מורחב במידה קלה (יכול להיות תקין ביחס לBSA) , דפנותיו מעובות במידה קלה, תפקודו הסיסטולי הגלובלי של חדר שמאל מופחת במידה קלה עם היפוקינזיה אפיקלית, מיד אינפריות ואקינזיה תחתונה בזאלית, תנועה אבנורמלית של הספטום לפרקים, לא ניתן לקבוע תפקוד דיאסטולי, עליות מורחבות במידה קלה חדר ימין בגודל ותפקוד תקינים , ל""ד ריאתי מוערך מוגבר במידה קלה (תתכן תת הערכה בשל סיגנל דופלר לא מלא) מסתם אאורטלי מסוייד עם דלף מינימלי ללא הצרות, אנולוס מיטראלי מסוייד ללא הצרות, דלף מיטראלי וטריקוספידלי קל. מודגם",1,0.16
ProcedureSummary,"חדר שמאל ברוחב תקין עם תפקוןד גלובלי ירוד במידה בינונית-קשה. אקינזיה ספטלית ותחתונה, היפוקינזיה של שאר הדפנות. חדר ימין בגודל ותפקוד. הסתיידות של הטבעת המיטרלית ושל המסתם האורטלי. אי ספיקה מיטרלית וטריקוספידלית קלה. לחץ דם ריאתי מוגבר במידה בינונית. עליה שמאלית מורחבת במידה קלה. אלקטרודת קוצב בחללי ימניים. הודגם תפליט פלאורלי דו צדדי.",1,0.16
ProcedureSummary,"פרפור פרוזדורים. חדר שמאלי בגודל תקין, ספטום היפרטרופי, התכווצותו גלובלית ואיזורית תקינה, חדר ימין תקין בגודלו ותפקודו, מסתם אורטלי מסוייד, עם היצרות קלה-בינונית , אי ספיקה אורטלית קלה, טבעת מסתם מיטרלי מסויידת, אי ספיקה מיטרלית קלה עד בינונית , אי ספיקה טריקוספדלית קלה עד בינונית, לחץ דם ריאתי מוגבר במידה בינונית, הגדלה של העליה השמאלית וימנית. הודגם נוזל פלאורלי מצד ימין.",1,0.16
ProcedureSummary,"חדר שמאל מורחב במידה קשה , תפקודו הסיסטולי הגלובלי ירוד במידה קשה עם אקינזיה אפיקלית,ספטאלית ואחורית בזאלית השאר היפוקינטי, תבנית המילוי הדיאסטולי רסטרקטיבית ,עליה שמאל מורחבת במידה קלה. חדר ימין מורחב עם תפקוד סיסטולי ירוד במידה קשה, ל""ד ריאתי מוערך מוגבר במידה קשה מסתם אאורטלי מעובה עם דלף מינימלי ללא הצרות, דלף מיטראלי קל+ (למרות TETHERING של עלה אחורי). דלף טריקוספידלי בינוני. אלקטרודות קוצב בחללים הימניים.",1,0.16
ProcedureSummary,"חדר שמאלי בגודל תקין, התכווצותו גלובלית ואיזורית שמורה, התכווצות אסיכרונית, חדר ימני בגודל והתכווצות תקינה, אי ספיקה מיטרלית מינימלית, אי ספיקה טריקוספידלית קלה עד בינונית, לחץ דם ריאתי מוגבר במידה בינונית, ללא הגדלה של העליה השמאלית.",1,0.16
ProcedureSummary,"בדיקה קשה מאד טכנית ומוגבלת חדר שמאל בגודל תקין קשה להעריך את תפקודו הגלובלי הרושם כי ירוד במידה בינונית, יש דחיקה של הספטום הבינחדרי כביטוי לעומס מימין. חדר ימין מורחב עם תפקוד מופחת במידה בינונית. מסתם מיטרלי לאחר תיקון עם מפל לחצים מוגבר על פניו (בדומה לבדיקה מ11.2020), דלף המוערך כקל-בינוני (תיתכן תת הערכה), דלף טריקוספידלי קשה. לחץ דם ראתי מוגבר במידה קשה. הרחבה קלה של העליה השמאלית. הודגמה אלקטרודת קוצב בחדר ימין.",1,0.16
ProcedureSummary,"חדר שמאל ברוחב תקין, תפקודו הגלובלי והאיזורי תקין. חדר ימין בגודל ובתפקוד תקין. המסתם האאורטלי לאחר TAVI עם תפקוד תקין ללא דליפה. האנולוס המיטרלי מסוייד במידה קשה עם היצרות קלה. דליפה טריקוספידלית קלה, עדות ליתר לחץ דם ריאתי קל. עלייה שמאלית מורחבת. אלקטרודת קוצב בחללים הימניים.",1,0.16
ProcedureSummary,"איכות הדמיה מוגבלת חדר שמאל בגודל תקין, תפקודו הסיסטולי הגלובלי ירוד במידה קלה עד בינונית באופן דיפוזי, לא ניתן לקבוע תפקוד דיאסטולי, עליה שמאל מורחבת במידה קלה חדר ימין בגודל תקין עם תפקוד שמור ל""ד ריאתי מוגבר במידה קלה (תתכן תת הערכה של החומרה) מסתם אאורטלי במבנה תקין עם דלף מינימלי ללא הצרות, תותב ביולוגי בעמדה מיטראלית עם תפקוד תקין, דלף טריקוספידלי עד בינוני . סכום - בהשוואה לאקו קודם מה12/10/2015 יש ירידה בולטת בתפקוד הסיסטולי של חדר שמאל (באופן דיפוזי) ובנוכחות MULTIPLE MYELOMA (ל",1,0.16
ProcedureSummary,"חדר שמאלי בגודל תקין, היפרטרופיה קלה של הספטום, התכווצות גלובלית ואיזורית תקינה, חדר ימני בגודל והתכווצות תקינה, מסתם אורטלי מסויד עם הצירות קלה לבינונית ודלף קל. טבעת מסתם מיטרלי מסוידת עם מפל לחצים מוגבר על פני המסתם ודלף בינוני, דלף טריקוספידלי קל, לחץ דם ריאתי מוגבר במידה בינונית, הגדלה בינונית של העליה השמאלית. עליה ימין לא מוגדלת. הודגם תפליט פריקרדיאלי בכמות מינימלית. תפליט פלאורלי משמאל ומימין,",1,0.16
ProcedureSummary,"חדר שמאלי מעובה, עם התכווצות גלובלית תקינה, אקינזיה אחורית לטרלית עם מעורבות אינפריורית, הדופן הקידמית והספטלית היפרדינמית, תבנית המילוי רסטריקטבית, חדר ימני בגודל והתכווצות תקינה, אי ספיקה מיטרלית בינונית קשה, סילון אקסצנטרי לטרלי אחורי משני לרטרקציה של העלה האחורי, אי ספיקה טריקוספידלית קלה עם יתר לחץ דם ריאתי בחומרה בינונית (תיתכן תת הערכה של חומרת הלחץ הריאתי), עליה שמאלית מורחבת.",1,0.16
ProcedureSummary,"חדר שמאלי מורחב מאוד והתכווצות גלובלית מופחתת במידה קשה (ראה פיזור אזורי), אין פעילות מכנית בעליה השמאלית, חדר ימני מורחה והיפוקינטי בחומרה בינונית, מסתם מיטרלי וטריקוספידלית לאחר תיקון, תפקוד המסתמים תקין, עדות ליתר לחץ דם ריאתי קל, הגדלה של העליה השמאלית והימנית. קוצב מימין.",1,0.16
ProcedureSummary,"חדר שמאל בגודל ותפקוד תקין , היפרטרופי, חדר ימין בגודל ותפקוד תקין , הרחבה של עליה שמאלית, מסתם אאורטלי תותב ביולוגי, מפל לחצים מוגבר על פניו בדומה לבדיקה קודמת , אי ספיקה מיטרלית מינימלית , אי ספיקה טריקוספידלית בינונית-קשה, לחץ דם ראתי מוגבר במידה בינונית, הרחבה של האאורטה העולה והסינוסים האאורטלים",1,0.16
ProcedureSummary,"חדר שמאלי בגודל והתכווצות גלובלית ואיזורית תקינה, חדר ימני בגודל והתכווצות תקינה, דלף קל לבינוני של מסתם אורטלי, מסתם מיטרלי עם פתיחה כיפתית ודלף קל לבינוני, דלף קל לבינוני של טריקספיד, עדות ליתר לחץ דם ריאתי קל, הגדלה קלה של העליה השמאלית.",1,0.16
ProcedureSummary,"חדר שמאל בגודל תקין , דפנות מעובים, תפקודו הסיסטולי הגלובלי תקין, הודגמה אקינזיה אינפרובזלית. חדר ימין תקין בגודל ותפקוד. עליות מורחבות. מבנה תקין של המסתמים. הודגמה אי ספיקה אורטלית קלה, מיטרלית מינימלית, טריקוספידלית קלה. לחץ דם ריאתי תקין. נצפה תפליט פריקרדיאלי בכמות קטנה.",1,0.16
ProcedureSummary,"בדיקה מאוד קשה טכנית, בוצעה בישיבה בשל קוצר נשימה. לא אבחנתית חדר שמאלי מעט מורחב, הפרטרופי, תפקודו הגלובלי תקין חדר ימין מורחב, תפקודו כנראה שמור, פרוזדורים מורחבים. מסתם מיטרלי עם שינויים ראומטיים, מפל לחצים מתאים להיצרות קלה, מסתם אאורטלי מסוייד, אי ספיקה אאורטלית קלה, הודגם דלף טריקוספידלי בינוני, לחץ ריאתי מוגבר במידה קשה.",1,0.16
ProcedureSummary,"חדר שמאל מורחב במידה קשה, תפקודו הגלובלי מופחת במידה קשה, תבנית המילוי פסאודונורמאלית, חדר ימין בגודל ותפקוד תקין, הרחבה בינונית של עליה שמאלית, אי ספיקה מיטרלית קלה-בינונית, אי ספיקה טריקוספידלית מינימלית, לא הודגמה עקומת TR להערכת לחץ דם ראתי, IVC מעט מורחב עם שינוי נשימתי חלקי , אלקטרודת קוצב בחדר ימין",1,0.16
ProcedureSummary,"חדר שמאל בגודל תקין, ספטום מעובה, תפקודו הסיסטולי הגלובלי תקין. הפרעה דיאסטולית דרגה 3. עליה שמאל מורחבת. חדר ימין בגודל ותפקוד תקינים. מסתם אאורטלי תלת עלי, דרך המסתם דלף קל. דלף מיטרלי קל עד בינוני. דלף טריקוספידלי קל. נימדד ל""ד ריאתי מוגבר במידה קלה. שורש אאורטה מורחב.",1,0.16
ProcedureSummary,מבחן אקו במאמץ סובמקסימלי עם עדות לאיסכמיה אינפריורית. חדר שמאלי בגודל תקין עם תפקוד גלובלי ואיזורי תקין במנוחה . לחץ דם ריאתי תקין במנוחה ובמאמץ .,1,0.16
ProcedureSummary,"עליה שמאלית מורחבת. חדר ימין תקין עם אלקטרודת קוצב בתוכו. חדר שמאל מורחב, הספטום הבזלי מעובה, תפקוד גלובלי ירוד במדיה קשה. אקינשיה אינפריורית, אחורית, ספטלית, דיסקינזיה אפיקלית. אס""ק מיטרלית בינונית עדקשה. אס""ק טרקיוספידלית קל. יל""ד ריאתי בינוני. תבנית מילוי רסטריקטיבית.",1,0.16
ProcedureSummary,אין עדות לוגטציות על המסתמים יש סטרנד דגנרטיבי על מסתם אאורטאלי מעובה. חדר שמאל בגודל תקין עם תפקוד גלובלי ירוד דיפוזית במידה בינונית.חדר ימין בגודל תקין עם תפקוד ירוד במידה קלה. הפרעה בתפקוד דיאסטולי עם לחצי מלוי גבוהים (דרגה II ) . ללא מחלה מסתמית משמעותית. אין עדות לPFO אין עדות לקריש דם בעליה שמאל או באוזנית מחלה אטרוסקלרוטית קשה של האאורטה היורדת והקשת (עם רבדים טרשתיים מרובים אך ללא ממצאים מוביליים),1,0.16
ProcedureSummary,"חדר שמאלי מורחב במידה בינונית, ספטום מעובה במידה קלה , תפקודו הגלובלי הסיסטולי מופחת במידה קשה באופן דיפוזי. חד רימין מורחב במידה קלה תפקודו מופחת במידה קלה עד בינונית. עליה שמאלית מורחבת במידה קשה עליה ימין מורחבת מסתצם אאורטלי מסוייד קלות עם דלף מנימלי מסתם מטרלי עם טבעת מסויידת ודלף בינוני מסתם טריקוספידלי עם דלף בינוני לחץ ראתי סיסטולי מוערך כמוגבר במדיה קשה וריד נבוב תחתון מורחב , עובר תמט נשימתי הולם באינספיריום מודגם תפליט פריקרדיאלי מנימלי אאורטה עולה מורחבת במידה ק",1,0.16
ProcedureSummary,"בדיקה טכנית קשה, חלקית לא הודגמו כלל מנחי הלב, במיגבלה זו, חדר שמאלי מורחב במידה קלה התכווצות גלובלית ואיזורית מופחחת במידה קלה לבינוני לפחות, איקינזיה ספטלית וספטואפיקלית, לא הודגם קיר קידמי היטב, חדר ימני בגודל תקין התכווצות שמור (במיגבלת ההדמיה), מסתם אורטלי מסוייד, אי ספיקה טריקוספידלית קלה, לחץ דם ריאתי מוגבר במידה קלה, עליה שמאל מורחבת, הרחבה של סינוס אורטלי.",1,0.16
ProcedureSummary,"חדר שמאלי בגודל והתכווצות גלובלית ואיזורית תקינה, תבנית המילוי פסאודו-תקינה, חדר ימני בגודל והתכווצות תקינה, מסתם אאורטלי מסוייד עם היצרות קלה, הסתיידות טבעת מיטרלית. היצרות מיטרלית קלה. אי ספיקה מיטרלית בינונית עד קשה, סילון אקצנרי קידמי. אי ספיקה טריקוספידלית מינימלית. יתר לחץ דם ריאתי בינוני , הרחבה קלה של העליה השמאלית.",1,0.16
ProcedureSummary,"חדר שמאל מורחב במידה קלה, תפקודו הסיסטולי הגלובלי ירוד במידה קשה באופן דיפוזי עם וריאביליות אזורית , תבנית המילוי הדיאסטולי רסטרקיבית, עליה שמאל מורחבת במידה בינונית חדר ימין מעט מורחב עם תפקוד סיסטולי ירוד במידה בינונית , ל""ד ריאתי מוערך מוגבר במידה קשה מסתם אאורטלי מסוייד עם דלף קל ללא הצרות, מסתם מיטראלי עם TETHERING של עלה אחורי ודלף בינוני עד קשה, דלף טריקוספידלי בינוני. אלקטרודות קוצב בחללים הימניים",1,0.16
ProcedureSummary,"חדר שמאל מורחב, התכווצותו הגלובלית מופחתת במידה בינונית, היפוקנזיה גלובלית, אקינזיה ספטלית אפיקלית. חדר ימין בגודל והתכווצות תקינה. מסתם אורטלי ללא עדות להיצרות או דלף, מסתם מיטרלי עם אי ספיקה בינונית-קשה, אי ספיקה טריקוספידלית קלה, לחץ דם ריאתי מוגבר במידה בינונית. הרחבה בינונית של העליה השמאלית. הודגם תפליט פלאורלי גדול משמאל.",1,0.16
ProcedureSummary,"חדר שמאל מורחב, דפנותיו אינן מעובות, קיימת פגיעה נרחבת וקשה בהתכווצות הדפנות עם תפקוד סיסטולי גלובלי ירוד במידה קשה. הפרעה דיאסטולית דרגה 2. חדר ימין מורחב עם תפקוד ירוד במידה קלה. עליות מורחבות. מבנה ותפקוד מסתם אאורטלי תקין. אי ספיקה מיטרלית קלה. אי ספיקה טריקוספידלית קלה עד בינונית. נימדד יתר לחץ דם ריאתי מוגבר במידה קשה.",1,0.16
ProcedureSummary,"הבדיקה בוצעה בשכיבה עם הגב! חדר שמאלי ברוחב תקין, מעט היפרטרופי, התכווצותו הגלובלית ואיזורית תקינה. הפרעה דיאסטולית דרגה 2. חדר ימני בגודל והתכווצות תקינה. מסתם אורטלי מסוייד עם הצרות בינונית ודלף מיזערי. טבעת מסתם מיטרלי מסויידת, ללא הפרעה בתפקודו. לא ניתן להעריך ל""ד ריאתי בהעדר סיגנל TR.",1,0.16
ProcedureSummary,"עליה שמאלית תקינה. חדר ימין תקין. חדר שמאל ברוחב תקין עם תפקוד גלובלי שמור. הספטום מעובה, אקיזניה אינפרו בזלית ושל הספטום הבזלי, שאר הספטום היפוקיזנטי. אס""ק מיטרלית קלה. אס""ק טריקוספידלית מינימלית. לחץ ריאתי מוערך כתקין. ידלציין קושי טכני רב בהערכה של תפקוד החודר, עם רושפם של ווריאציה בהתכווצות ביןם הפעימות השונות. יש לשקול הערכת תפקוד החדר על ידי MRI. בדיקת סינכרוניזציה: חדר ימין מתכווץ 5 מילישניות אחרי חדר שמאל (לא משמעותי) YU INDEX=13 (לא משמעותי) BAX INDEX= 40( לא משמעותי) הקיר",1,0.16
ProcedureSummary,"חדר ימין מורחב, היפוקינטי בינוני. חדר שמאל ברוחב תקין עם תפקוד גלובלי ירוד במידה קשה. אס""ק מיטרלית קלה אס""ק טרקיוספידלית קלה עד בינונית. יל""ד ריאתי קל. נוזל פלוירלי דו צדדי.ן. אלקטרודה של קוצב מימין.",1,0.16
ProcedureSummary,"חדר שמאלי תקין בגודלו, דופנותיו תקינים בעובים, תפקוד גלובלישמור, אקינזיה אינפרו בזלית, היפוקינזיה אחורית. יחס E/E, מחשיג על לחצי מילוןי גבוהים בחדר שמאל. חדר ימני תקין בגודלו ובתפקודו. אי ספיקה מיטרלית מינימלית. אי ספיקה טרקיוספידאלית קלה עד בינונית. לחץ ריאתי מוגבר במידה קשה . עלחה שמאלית מורחבת במידה קלה. נוזל פריקרדיאלי בכמות קטנה. נוזל פלוירלי דו צדדי.",1,0.16
ProcedureSummary,"חדר שמאלי בגודל תקין, התכווצותו הגלובלית שמורה, היפוקנזיה ספטלית ואפיקלית. חדר ימני בגודל תקין והתכווצות תקינה. מסתם אאורטלי תותב ביולוגי עם תפקוד תקין. טבעת מסתם מיטרלי מסויידת עם דלף קל. דליפה טריקוספידלית קלה לבינונית. לחץ דם ריאתי תקין. ללא הגדלה של העליה השמאלית. הודגמה אלקטרודת קוצב בחללים מימין.",1,0.16
ProcedureSummary,"חדר שמאלי בגודל תקין, התכווצות גלובלית ואיזורית תקינה. חדר ימני בגודל והתכווצות תקינה. מסתם אורטלי מעט מסוייד עם דלף קל, טבעת מסתם מיטרלית מסויידת עם דלף קל עד בינוני, אי ספיקה טריקוספדלית קלה. לחץ דם ריאתי מוגבר במדיה קלה ללא הגדלה של העליה השמאלית.",1,0.16
ProcedureSummary,"חדר שמאלי בגודל תקין, היפרטרופי, התכווצות גלובלית ואיזורית שמורה, פחות טוב מבדיקה קודמת, תבנית המילוי פסאודונורמלית, חדר ימני בגודל והתכווצות תקינה, דלף קל לבינוני של מיטרל, דלף קל של טריקספיד, עדות ליתר לחץ דם ריאתי קל, הגדלה בינונית של העליה השמאלית. תפליט פריקרדיאלי קטן.",1,0.16
ProcedureSummary,"חדר שמאלי ברוחב תקין, הספטום מעט מעובה. תפקודו הגלובלי והאזורי תקין. הפרעה דיאסטולית בינונית. חדר ימין ברוחב תקין, תפקודו שמור. פרוזדור שמאלי מורחב קל. מסתם אאורטלי מסוייד בינוני-קשה, מוצר במידה בינונית עד קשה. מפל מקסימלי 57/30 מ RPS ושטח מסתם 0.9 סמ""ר. דלף אאורטלי קל+. שורש האאורטה , האאורטה העולה וקשת האאורטה ברוחב תקין. הודגם דלף מיטרלי קל-בינוני. דלף טריקוספידלי מינימלי. לחץ ריאתי 49 ממ""כ מוגבר קל-בינוני.",1,0.16
ProcedureSummary,"חדר שמאל בגודל תקין ,תפקודו הסיסטולי הגלובלי תקין ללא הפרעה אזורית , לא ניתן לקבוע תפקוד דיאסטולי (בשל SEVERE MAC) , עליה שמאל מורחבת במידה קלה חדר ימין בגודל ותפקוד תקינים , ל""ד ריאתי מוערך מוגבר במידה קשה מסתם אאורטלי מסוייד קלות עם דלף מינימלי ללא הצרות, אנולוס מיטראלי מסוייד במידה קשה ללא הצרות, דלף מיטראלי קל , מודגם דלף טריקוספידלי קל (תתכן תת הערכה. לציין היפוך זרימה בורידי הכבד מחשיד לTR יותר משמעותי)",1,0.16
ProcedureSummary,"חדר שמאלי בגודל תקין, ספטום מעובה במידה קלה, התכווצות גלובלית תקינה, בספק אקינזיה תחתונה, חדר ימני בגודל והתכווצות תקינה. מסתם אורטלי מסוייד, אי ספיקה מיטרלית בינונית עד קשה, מרכזית ברובה, לא ברור לי המנגנון, אי ספיקה טריקוספידלית קלה עד בינונית. לחץ דם ריאתי מוגבר במידה קלה. העליה השמאלית בגודל תקין.",1,0.16
ProcedureSummary,"חדר שמאלי מורחב במידה קלה, היפרטרופי במידה קלה, התכווצותו גלובלית ואיזורית תקינה. תבנית המילוי פסאודונורמלית. חדר ימני תקין בגודלו ותיפקודו. עליות מוגדלות במידה בינונית. אי ספיקה מיטרלית מינימלית, אורטלית קלה, טריקוספידלית קלה. לחץ ריאתי מוגבר במידה קלה. IVC ללא קולפס מספק. הרחבה קלה של אאורטה העולה וסינוסים אורטליים.",1,0.16
ProcedureSummary,"חדר שמאל מורחב במידה קלה, תפקודו הגלובלי מופחת במידה בינונית , חדר ימין מורחב תפקודו שמור, הרחבה קשה של עליה שמאלית, מסתם אאורטלי מסוייד, פתיחתו מוגבלת, היצרות אאורטלית בינונית קשה, מסתם מיטרלי תותב עם תפקוד תקין, אי ספיקה טריקוספידלית קשה, חוסר קואפטציה של עלי המסתם, IVC מורחב ללא שינוי נשימתי, אלקטרודת קוצב בחדר ימין , לחץ דם ראתי מוגבר במידה קלה (תתכם תת הערכה בשל חומרת ה-TR). בסוף הבדיקה החולה החלה להצטמרר - לא בוצע אקו לב עם דובוטמין .",1,0.16
ProcedureSummary,"חדר שמאלי מורחב והתכווצותו הגלובלית ירודה במיהה בינונית עד קשה, ירידה דיפוזית. הפרעה דיאסטולית דרגה II. חדר ימני בגודל והתכווצות תקינה. מסתם אורטלי מעט מסויד עם מפל לחצין תקין על פניו ולדיפה מיזערית, מסתם מיטרלי עם טבעת מסוידת עם דלף קל, אי ספיקה טריקוספידלית קלה. לחץ דם ראתי מוגבר במידה בינונית. הגדלה קלה של העליה השמאלית. הרחבה קלה של עליה ימנית. הודגם תפליט פריקרדאלי גדול ללא סימני לחץ על חדר ימין. אין ווריאצתיה נשימתית פטולוגית של הזרידמ המיטרלית. IVCללא קולפס נשימתי הודגם תפליט פלא",1,0.16
ProcedureSummary,"חדר שמאלי מורחב במידה קלה, התכווצות גלובלית ירודה במידה קשה, אקינזיה אחורית אינפריורית היפוקינזיה קשה של שאר הדפנות, חדר ימני בגודל והתכווצות תקינה, מסתם מיטרלי לאחר תיקון, אי ספיקה מיטרלית קלה עד בינונית , אי ספיקה טריקוספדלית קלה, לחץ דם ריאתי מוגבר במידה קלה, הגדלה של העליה השמאלית.",1,0.16
ProcedureSummary,"עליה שמאלית בגודל תקין. חדר ימין מורחב והיפוקינטי בינונית עם אלקטרודת קוצב בתוכו. חדר שמאל ברוחב תקין עם תפקוד גלובלי שמור. השטחה ספטלית עקב עומס מימין. מסתם אורטלי מעט מסויד, דלף מיטרלי קל. העדר מגע בין עלי המסתם הבטריקוספידלי עם דדלף טריקוספידלע חופשי שאינו מאפשר הערכה של הלחץ בהריאתי. נוזל פלוירלי דדו צדדי. מיימת. IVC מורחב וללא קולפס נשימתי.",1,0.16
ProcedureSummary,"חדר שמאל בגודל תקין, תפקודו הגלובלי ירוד במידה קשה. ראה שינויים איזורים, חדר ימין בגודל ותפקוד תקינים. עליה שמאלית מורחבת במידה בינונית. מסתם אורטלי מסוייד, הצרות קלה, דלף קל, דלף קל מיטרלי ומינימלי של טריקספיד, לא הודגמה עקומת TR להערכת לחץ דם ריאתי. תפליט פריקרדיאלי מינימלי, תפליט פלאורלי שמאלי בולט.",1,0.16
ProcedureSummary,"חדר שמאלי מורחב, היפרטרופי, התכווצות גלובלית ירודה במידה בינונית לקשה, תבנית המילוי פסאודונורמלית, חדר ימני בגודל והתכווצות תקינה, דלף קל של מסתם מיטרלי וטריקספדלי, עדות ליתר לחץ דם ריאתי קשה, הגדלה קלה של העליה השמאלית.",1,0.16
ProcedureSummary,"חדר שמאל מורחב במידה בינונית (ביחס לBSA ) תפקודו הסיסטולי ירוד במידה קשה באופן דיפוזי (יש וריאביליות אזורית מסויימת, התכווצות מעט יותר טובה של סגמנטים בזאליים) ,לא ניתן לקבועע תפקוד דיאסטולי, עליה שמאל מורחבת במידה בינונית. חדר ימין בגודל ותפקוד תקינים ,לא ניתן להעריך ל""ד ריאתי בהעדר סיגנל TR מסתם אאורטלי במבנה ותפקוד תקינים, מסתם מיטראלי עם עלה אחורי מקובע דבר הגורם לדלף מיטראלי קשה , דלף טריקוספידלי מינימלי. מודגם תפליט פריקרדיאלי קטן ללא סימני לחץ על מדורים ימניים",1,0.16
ProcedureSummary,"חדר שמאל מורחב במידה קשה,תפקודו הסיסטולי הגלובלי מופחת במידה קשה (ללא שינוי מהותי מאקו קודם בוצעה השוואה בין התמונות) עם ספטום דיסקינטי , שאר הדפנות למעט סגמנטים בזאליים של אחורי, תחתון וקדמי עם היפוקינזיה קשה/ אקינזיה (ראה תרשים) , לא ניתן לקבוע תפקוד דיאסטולי, עליה שמאל מורחבת במידה בינונית. חדר ימין בגודל תקין עם תפקוד שמור , ל""ד ריאתי מוגבר במידה קשה תותב מכאני בעמדה אאורטלית עם תפקוד תקין, תותב מכאני בעמדה מיטראלית עם תפקוד תקין, דלף טריקוספידלי בחומרה עד קשה. אלקטרודות קוצב בחללים הי",1,0.16
ProcedureSummary,"חדר שמאלי מורחב במידה קלה , התכווצותו הגלובלית מופחתת במידה קלה, אקינזיה אינפריורית וספטובזאלית, חדר ימני בגודל והתכווצות תקינה, אי ספיקה אורטלית מינימלית, אי ספיקה מיטרלית קלה עד בינונית, אי ספיקה טריקוספידלית מינימלית אין עדות ליתר לחץ דם ריאתי, הגדלה בינונית של העליה השמאלית. האורטה עולה מורחבת.",1,0.16
ProcedureSummary,"חדר שמאל בגודל תקין, הפרטרופי, התכווצות גלובלית שמורה, אקינזיה אינפרו-בזלית וספטו-בזלית, תבנית המילוי מתאימה להפרעה בהרפיה, עליה שמאלית מורחבת במידה קלה, חללי הלב ימניים תקינים, אי ספיקה מיטרלית ואאורטלית קלה, טריקוספידלית מינימלית, לחץ דם ריאתי תקין.",1,0.16
ProcedureSummary,"חדר שמאלי מורחב במידה קלה תפקודו הסיסטולי הגלובלי ירוד במידה קשה עם אקינזיה לטראלית, תחתונה, אחורית ואינפרוספטאלית שאר הדפנות היפוקינטיות (ראה תרשים) , תבנית המילוי הדיאסטולי רסטרקטיבית, עליה שמאל מורחב תבמידה קלה חדר ימין מורחב עם תפקוד סיסטולי ירוד במידה קשה, ל""ד ריאתי מוערך מוגבר במידה קשה. מסתם אאורטלי במבנה ותפקוד תקינים, דלף מיטראלי מינימלי ודלף טריקוספידלי קל. תפליט פלאורלי גדול מימין.",1,0.16
ProcedureSummary,"חדר שמאלי בגודל תקין, התכווצותו הגלובלית תקינה, חדר ימני בגודל והתכווצות תקינה, אי ספיקה מיטרלית וטריקוספידלית מינימלית, אין עדות ליתר לחץ דם ריאתי, הגדלה קלה של העליה השמאלית. הודגם נוזל פלאורלי. הודגם נוזל פריקרדיאלי בכמות בינונית עם שירכות ללא סימני לחץ על עליה או חדר ימני",1,0.16
ProcedureSummary,"חדר שמאל מורחב במידה קלה, תפקודו הגלובלי מופחת במידה בינונית באופן דיפוזי, יותר בדופן תחתון. חדר ימין בגודל תקין, תפקודו תקין. עליה שמאלית מורחבת במידה קלה. אי ספיקה מיטרלית בינונית. אי ספיקה טריקוספידלית קלה עד בינונית. לחץ דם ריאתי מוגבר במידה קשה. הודגם תפליט פריקרדיאלי מינימלי. הודגם נוזל פלאורלי.",1,0.16
ProcedureSummary,"לב מושתל. חדר שמאלי בגודל תקין, היפרטרופיה קשה של ספטום, התכווצות גלובלית ואיזורית תקינה, חדר ימני בגודל והתכווצות תקינה, אי ספיקה מיטרלית וטריקוספידלית קלה, אין עדות ליתר לחץ דם ריאתי, הגדלה קלה של העליה השמאלית.",1,0.16
ProcedureSummary,"חדר שמאלי בגודל תקין, היפרטרופיה של הספטום, התכווצות גלובלית תקינה, מסתם אאורטלי מסוייד עם הצרות קלה על פניו, אנולוס מיטרלי מסוייד, אי ספיקה מיטרלית קלה, אי ספיקה טריקוספידלית קלה + , לחץ דם ריאתי מוגבר במידה בינונית, העליה השמאלית מוגדלת במידה קלה. חדר ימין עם תפקוד שמור.",1,0.16
ProcedureSummary,"חדר שמאלי בגודל והתכווצות גלובלית ואיזורית תקינה, חדר ימני בגודל והתכווצות תקינה, מסתם אורטלי תותב מכני , מפל לחצים תקין, חשד לדלף אאורטלי משמעותי , מסתם מיטרלי תותב מכני עם תפקודו תקין, מסתם טריקוספדלי תותב ביולוגי עם תפקודו תקין, לא הודגמה עקומת TR להערכת לחץ דם ראתי , הגדלה של העליה השמאלית. מומלץ ביצוע TEE להערכה נוספת של מסתם אאורטלי",1,0.16
ProcedureSummary,"עליה שמאלית מורחבת. חדר ימין היפוקינטי בינונית עם אלקטרודת קוצב בתוכו. חדר שמאל ברוחב תקין עם תפקוד גלובלי ירוד במידה קשה , דיפוזית. מסתם אאורטלי מעובה, אס""ק מיטרלית מינימלית. אס""ק טריקוספידלית קלה. לחץ ריאתי מוגבר בינונית. תבנית מילוי פסוידו נורמלית.",1,0.16
ProcedureSummary,"חדר שמאל עם תפקוד היפרדינמי. חדר ימין תקין. דלף אאורטלי קל. דלף מיטרלי מינימלי. הודגם נוזל פריקרדיאלי בכמוות בינוית+, בעיקרו צמוד לקיר האחורי והלטרי, מעט נוזל צמוד לחדר ימין. יש ווריאציה נשימתית משעותית גבולית( בסביבות 20-25%) של הזירמה המיטרלית והIVC מורחב וללא קולפס נשימתי( חולה עם CPAP) בזמן הבדיקה. לא הודגמו סימני לחץ על חדר ימין וגם לא על העליה הימנית.",1,0.16
ProcedureSummary,"בדיקת TEE בוצעה להערכה של תפקוד מסתמים תותבים. חדר שמאל בגודל תקין דחוק ע""י חדר ימין, תפקודו הגלובלי שמור עם תנועה אבנומרלית של הסטום, לא ניתן לקבוע תפקוד דיאסטולי, עליה שמאל מורחבת במידה קלה. בעליה ימין יוצא מהSVC יש ממצא מאוד מובילי ארוך שטיבו לא ברור (טרומבוס ? , שרידים של LINE מרכזי שהיה ? אחר ? ) חדר ימין מורחב במידה קשה תפקודו הגלובלי ירוד במידה בינונית עד קשה,ל""ד ריאתי מוגבר במידה קשה ביותר , זהה לל""ד סיסטמי. מסתם אאורטלי מבנה ותפקוד תקינים ללא ממצאים על פניו , תותב ביולוגי בעמדה מיט",1,0.16
ProcedureSummary,"חדר שמאלי בגודל תקין,ספטום בזלי מעובה, התכווצות גלובלית ואיזורית תקינה,חדר ימני בגודל והתכווצות תקינה, מסתם אורטלי מסוייד,ללא הצרות,טבעת מסתם מיטרלי מסויידת,אי ספיקה קלה, אי ספיקה טריקוספידלית קלה, לחץ דם ריאתי מוגבר במידה בינונית, הגדלה קלה של העליה השמאלית.",1,0.16
ProcedureSummary,"בדיקה טכנית קשה. חדר שמאלי תקין בגודלו, היפרטרופי. התכווצותו הגלובלית תקינה, עקומת מילוי תבנית של הפרעה ברלקסציה, חדר ימני בגודל והתכווצות תקינה, מסתם אורטלי מסוייד עם היצרות המוערכת כבינונית, טבעת המסתם המיטרלי מסויידת ועלי המסתם מעובים ויוצרים מפל לחצים המצאים להיצרות קלה ודלף קל עד בינוני. דלף טריקוספידלי קל עד בינוני, לחץ דם ריאתי סיסטולי מוגבר במידה קלה עד בינוני . עליה השמאלית מורחבת במידה קלה.",1,0.16
ProcedureSummary,"חדר שמאל בגודל תקין, תפקודו הגלובלי מופחת במידה קלה, אקינזיה אחורית , היפוקינזיה אינפריורית , חדר ימין בגודל ותפקוד תקין, עליה שמאלית בגודל תקין , מסתם מיטרלי תותב עם תפקוד תקין , אי ספיקה אאורטלת מינימלית , אי ספיקה טריקוספידלית מינימלית , לחץ דם ראתי תקין",1,0.16
ProcedureSummary,"חדר שמאלי בגודל תקין והתכווצות גלובלית מופחתת במידה קלה, אקינזיה ספטלית, חדר ימני מורחב והתכווצות שמורה, עומס נפח על המחיצה הבינחדריתמסתם מיטרלי אחרי קליפ, אי ספיקה קלה, אי ספיקה אורטלית קלה, מסתם טריקוספידלי ללא קואפטציה , WIDE OPEN, אי ספיקה טריקוספידלית קשה מאוד, עדות ליתר לחץ דם ריאתי קל (תתכן תת הערכה), הגדלה של העליה השמאלית והימנית. IVC רחבה.",1,0.16
ProcedureSummary,"חדר שמאלי תקין בגודלו ,תפקודו הגלובלי והאיזורי תקינים . תבנית המילוי פסאודונורמלית. עליה שמאל מורחבת במידה קלה . חדר ימני תקין בגודלו ובתפקודו עם ל""ד ריאתי מוגבר במידה בינונית. הגדלה קלה של העליה השמאלית. מבנה ותפקוד המסתמים תקין, הודגמו תפליטים פלאורליים דו""צ עם סגמנטים של ריאה בתמט.",1,0.16
ProcedureSummary,"חדר שמאל בגודל תקין, התכוצותו הגלובלית תקינה. חדר ימין בגודל ותפקוד תקין. עליה שמארלית מורחבת במידה קלה. אי ספיקה מיטרלית קלה. אי ספיקה טריקוספדלית מנימלית. לחץ דם ריאתי בגבול העליון של הנורמה.",1,0.16
ProcedureSummary,"חדר שמאלי ברוחב תקין, דפנותיו בעובי תקין, תפקודו הגלובלי והאזורי בגבול הנורמה. חדר ימין ברוחב ותפקוד תקין. פרוזדורים ברוחב תקין. מסתם אאורטלי מסויד, היצרות אאורטלית בינונית, דלף אורטלי מינימלי. אנולוס מיטרלי מסויד מעט, דלף מיטרלי מינימלי. הודגם דלף טריקוספידלי קל, לחץ ריאתי מעט מוגבר.",1,0.16
ProcedureSummary,"חדר שמאלי בגודל תקין, דפנותיו מעט מעובות, עם התכווצות גלובלית תקינה. לא ניתן להעריך תפקוד דיאסטולי. עליות מורחבות. חדר ימני בגודל והתכווצות תקינה. מסתם אאורטלי מסוייד עם הצרות עד בינונית עם דלף מינימלי. טבעת מסתם מיטרלי מסויידת עם מפל לחצים מעט מוגבר על פניו ודלף קל עד בינוני. דלף טריקוספידלי לפחות בינוני. IVC מורחב עם תמט נשימתי תקין.",1,0.16
ProcedureSummary,"חדר שמאלי מורחב במידה בינונית, התכווצות גלובלית ירודה במידה קשה, היפוקינזיה דיפוזית, חדר ימני בגודל והתכווצות תקינה, TETHERING של עלי המסתם , אי ספיקה מיטרלית קשה, אי ספיקה טריקוספדלית קשה, לחץ דם ראתי מוגבר במידה קלה (תתכן תת הערכה בגלל חומרת הדליפה הטריקוספידלית ), הגדלה קל של העליה השמאלית, אלקטרודת קוצב בחדר ימין",1,0.16
ProcedureSummary,"חדר שמאלי מורחב, התכווצות גלובלית ירודה במידה קשה, אקינזיה ספטלית, אינפריורית, היפוקינזיה של שאר הדפנות, תבנית המילוי פסאודונורמלית, חדר ימני בגודל תקין, התכווצות ירודה במידה קלה, מסתם אאורטלי תותב ביולוגי עם דלף קל עד בינוני, טבעת המסתם המיטרלי מסויידת, אי ספיקה מיטרלית בינונית, אי ספיקה טריקוספידלית קלה עד בינונית, לחץ דם ריאתי מוגבר מידה בינונית, העליה השמאלית מוגדלת במידה קלה.",1,0.16
ProcedureSummary,"חדר שמאלי בגודל והתכווצות גלובלית ואיזורית תקינה. חדר ימני בגודל תקין והתכווצות תקינה. השטחה קלה של ספטוםב ינדחרי כביטוי למעמסת לח על חדר ימין. מסתם אורטלי מסוייד ללא דלף. דליפה מיטרלית קלה, דליפה טריקוספידלית בינונית לקשה. לחץ דם ריאתי מוגבר במידה בינונית לקשה. עליה שמאל בגודל תקין, עליה ימנית מורחבת. תפליט פלואורלי.",1,0.16
ProcedureSummary,"חדר שמאל בגודל תקין, דפנותיו אינן מעובות, תפקודו הסיסטולי הגלובלי תקין. הפרעה דיאסטוליתד דרגה 1. חדר ימין בגודל ותפקוד תקינים. עלי מסתם אאורטלי מסויידים, דרך המסתם הצרות קלה. אי ספיקה מיטרלית מיזערית וטריקוספידלית קלה עד בינונית. נימדד יתר לחץ דם ריאתי מוגבר במידה קלה. הודגמה אלקטרודה מימין.",1,0.16
ProcedureSummary,"חדר שמאל בגודל תקין, התכווצות גלובלית ירודה במידה בינונית, אקינזיה אפיקלית נירחבת, הפרטרופיה של הספטום בזלי-13מ""מ, עליה שמאלית מורחבת במידה קלה, חללי הלב ימניים תקינים, טבעת מסתם מיטרלי מסוידת, אי ספיקה מיטרלית, אאורטלית וטריקוספידלית מינימלית, לחץ דם ריאתי מוגבר במידה קלה.",1,0.16
ProcedureSummary,"חדר שמאל בגודל והתכווצותו תקין, הפרוזדו השמאלי בגודל תקין, האוזנית והוורידים הפולמונלים נקיים, המחיצה הבין עלייתית ללא פגם, מסתם האורטלי מסויד במידה קלה, פתיחתו תקינה, המסתם המיטרלי מדגים מסה מובילית בגודל 4 ממי בחלק האטריאלי של העלה הפוסטריורי ( כנראה סטרנד), מסתם טריקוספידלי והפולמונלי תקינים, בדופלר אי ספיקה אורטלית בינונית, אי ספיקה מיטרלית קלה, אי ספיקה טריקוספידלית קלה עד בינונית,רצוי לעקוב אחרי הסטרנד המיטרלי . הודגמה אנאוריזמה אפיקלית ממוקמת,",1,0.16
ProcedureSummary,"חדר שמאל בגודל תקין, התכווצות גלובלית מופחתת במידה קלה-בינונית, אקינזיה אפיקלית, היפוקינזיה אחורית, עליה שמאלית מורחבת במידה קלה , חדר ימני תקין עליה ימנית מורחבת, טבעת מסתם מיטרלי מסוידת, אי ספיקה מיטרלית קשה, מסתם אאורטלי מסויד אי ספיקה אאורטלית מינימלית, אי ספיקה טריקוספידלית קלה-בינונית, לחץ דם ריאתי מוגבר במידה בינונית, נוזל פריקירדיאלי בכמות קטנה, הודגם נוזל פלאוראלי משמאל .",1,0.16
ProcedureSummary,"חדר שמאל בגודל תקין, התכווצותו הגלובלית והאזורית תקינה, תבנית המילוי פסאודונורמאלית, חדר ימין בגודל ותפקוד תקין, עליה שמאלית מורחבת במידה קלה, אי ספיקה אאורטלית קלה , אי ספיקה מיטרלית וטריקוספידלית קלה, לחץ דם ריאתי מוגבר במידה בינונית, תפליט פריקרדיאלי מינימלי, תפליט פלאורלי דוצ",1,0.16
ProcedureSummary,"חדר שמאל מורחב במידה בינונית (ביחס לBSA) , תפקודו הסיסטולי הגלובלי ירוד במידה קשה ביותר באופן דיפוזי עם וריאביליות אזורית מסויימת (ראה תרשים) , תבנית המילוי הדיאסטולי פסאודונורמלית ,עליה שמאל מורחבת במידה קשה, עליה ימין מורחבת חדר ימין מורחב עם תפקוד סיסטולי ירוד במידה קשה, ל""ד ריאתי מוערך מוגבר במידה בינונית מסתם אאורטלי מסוייד עם דלף מינימלי, ללא הצרות , דלף מיטראלי קל עד בינוני, דלף טריקוספידלי בינוני. מודגם תפליט פריקריאלי בינוני ללא סימני לחץ על מדורים ימניים",1,0.16
ProcedureSummary,"חדר שמאל מורחב במידה קלה, הפרטרופי, התכווצות גלובלית ירודה במידה קשה, עליה שמאלית מורחבת במידה בינונית, חדר ימני מורחב במידה קלה עם תיפקוד ירוד במידה בינונית, עליה ימנית מורחבת במידה קלה, מסתם מיטרלי תותב ביולוגי עם אי ספיקה קלה-בינונית (פאראולולארי), מסתם אורטלי מסויד, אי ספיקה אאורטלית קלה-בינונית, מסתם טריקוספידלי אחרי תיקון, אי ספיקה טריקוספידלית קלה-בינונית, לחץ דם ריאתי מוגבר במידה קשה, הודגם קוצב בחללי הלב ימניים.",1,0.16
ProcedureSummary,"שתי העליות מורחבות. חדר ימין מורחב והיפוקינטי עם אלקטרודת קוצב בתוכו. חדר שמאל היפרטרופי, ברוחב תקין עם תפקוד שמור. הסתיידות קלה של הטבעת המיטרלית ושלה מסתם אורטלי. קיים דלף מיטרליקל, מאוד אקצנטרי. אס""ק טריקוספידלית בינונית עד קשה. יל""ד ריאתי בינוני. יחס E/E' מתאים ללחצי מילוי תקינים.",1,0.16
ProcedureSummary,"חדר שמאל מורחב במידה קלה, תפקודו הגלובלי מופחת במידה קשה, אקינזיה נרחבת (ראה פיזור איזורי), תבנית המילוי מתאימה להפרעה בהרפיה, חדר ימין בגודל ותפקוד תקין , הרחבה של עליה שמאלית, מסתם אאורטל מסוייד, אי ספיקה מיטרלית וטריקוספידלית קלה, לחץ דם ראתי מוגבר במידה קלה.",1,0.16
ProcedureSummary,"חדר שמאל בגודל תקין, ההתכווצותו הגלובלית ואיזורית תקינה, תבנית מילוי מתאימה להפרעה ברלקסציה, עליה שמאלית מורחבת במידה קלה, טבעת המסתם המיטרל ימסויידת במידה קלה, אי ספיקה מיטרלית קלה, מסתם אורטלי מעובה, אי ספיקה אורטלית מינימלית, אי ספיקה טריקוספידלית מינימלית,לחץ דם ריאתי מוגבר במידה קלה, הודגם נוזל פריקארדיאלי בכמות מינימלית.",1,0.16
ProcedureSummary,"חדר שמאלי מורחב והתכווצות גלובלית מופחתת במידה בינונית-קלה, אקינזיה אפיקלית ספטלית והיפוקינזיה אחורית ואינפריורית (ראה פיזור אזורי), חדר ימני בגודל והתכווצות תקינה, מסתם אורטלי תותב ביולוגי עם תפקוד תקין, מסתם מיטרלי אחרי קליפ, מפל קל מאוד ואי ספיקה בינונית, אי ספיקה טריקוספידלית קלה עד בינונית עם יתר לחץ דם ריאתי בחומרה קלה. הגדלה של העליה השמאלית.",1,0.16
ProcedureSummary,"חדר שמאלי מעובה, בגודל והתכווצות גלובלית ואיזורית תקינה, תבנית המילוי רסטריקטיבית , חדר ימני מעובה, מורחב והיפוקינטי, אי ספיקה טריקוספידלית קשה, אורטלית ומיטרלית קלה, עדות ליתר לחץ דם ריאתי קל (תתכן תת הערכה), הגדלה של העליה השמאלית ובעיקר הימנית.",1,0.16
ProcedureSummary,"חדר שמאל בגודל תקין, ספטום מעובה, התכווצותו הגלובלית תקינה. הפרעה דיאסטולית דרגה 1. חדר ימין תקין. עליה שמאלית מורחבת במידה בינונית. מסתם אאורטלי מעובה, דרך המסתם דלף מיזערי. אי ספיקה מיטרלית וטריקוספידלית קלה. לחץ דם ריאתי תקין.",1,0.16
ProcedureSummary,"חדר שמאל בגודל תקין, דפנותיו מעובות, תפקודו הסיסטולי הגלובלי שמור. הפרעה דיאסטולית דרגה 2. עליות מורחבות. חדר ימין עם תפקוד תקין. מסתם אאורטלי תותב ביולוגי (אחרי TAVI) עם תפקוד תקין ודלף קל. טבעת מסתם מיטרלי מסויידת, דרך המסתם דלף קל. דלף טריקוספידלי קל. נימדד לחץ דם ריאתי מוגבר במידה קלה.",1,0.16
ProcedureSummary,"חדר שמאלי בגודל צתקין תפקודו הגלובלי הסיסטולי תקין, ללא הפרעה אזורית בולטת. צלא ניתן לקבוע תפקוד דיאסטולי. חדר ימין בגודל ותפקוד תקינים. עליה שמאלית מורחבת במידה קלה. מסתם אאורטלי מסוייד בעיקר הסתיידות פוקלית דרכו אי ספיקה מנימלית ללא הצרות . מסתם מטרלי מסוייד עם טבעת מסויידת , דרך המסתם אי ספיקה קלה עד בינונית. אי ספיקה טריקוספידלית קלה עד בינונית. לחץ דם ראתי סיסטולי ראתי מוערך כמוגבר במידה קשה . תפליט פריקרדיאלי בכמות קטנה , ללא סימני לחץ על מדוריים ימניים. IVC אינו מורחב אך עובר תמט",1,0.16
ProcedureSummary,"חדר שמאלי בגודל תקין, דפנות מעובות, התכווצות גלובלית ואיזורית תקינה. לא ניתן להעריך תפקוד דיאסטולי. חדר ימני בגודל והתכווצות תקינה. מסתם אורטלי תותב ביולוגי (לאחר TAVI) עם מפל לחצים תקין ודלף מינימלי. מסתם מיטרלי מסויד עם מפל לחצים מוגבר במידה קלה על פני המסתם, עם דלף בינוני. לא הודגם לח""ד ריאתי בהעדר עקומת דופלר. עליה שמאלית מורחבת במידה קלה. לא הודגמו וגטציות על המסתמים בטכניקה זאת.",1,0.16
ProcedureSummary,"עליה שמאלית מורחבת. חדר ימין היפוקינזטי בינונית עם אלקטרודת קוצב בתוכו. חדר שמאל ברוחב תקין עם תפקוד גלובלי ירוד במדיה קלה עד בינונית. הפרעה דיפוזית קלה , יותר בולטת בקיר ספטלית ואחורית, כולל אקינזיה האינפרו בזלית ושל הספטום הבזלי. הסתיידות של הטבעת המיטרלית ושל המסתם האאורטלי.. אס""ק מיטרלית מינימלית אס""ק טריקוספידלית קלה עד בינונית. לחץ ריאתי מוגבר במדיהקשה. יחס E/E' מתאים ללחצי מילוי מוגברים משמאל. יש לציין גלים נמוכים בTDI. נוזל פריקרדאלי מינימלי.",1,0.16
ProcedureSummary,"חדר שמאל מורחב תפקודו הגלובלי מופחת במידה קשה בצורה דיפוזית, חדר ימין מורחב עם תפקוד מופחת במידה בינונית, הרחבה בינונית של עליה שמאלית , מסתם אאורטלי תותב מכני עם תפקוד תקין , מסתם מיטרלי תותב מכני עם תפקוד תקין , מסתם טריקוספידלי לאחר תיקון, אי ספיקה טריקוספידלית קשה, IVC מורחב ללא שינוי נשימתי, היפוך זרימה סיסטולי ב-IVC , אלקטרודת קוצב בחדר ימין",1,0.16
ProcedureSummary,"עליה שמאלית מוורחבת. חדר ימין תקין. חדר שמאל מורחב , היפרטרופי עם תפקוד גלבולי שמור וללא הפרעה אזורית. מסתם אורטלי מעובה עם דלף מינימלי. אטס""ק מיטרלית בינונית. אס""ק טריקוספידלית קלה. לחץ ריאתי תקין. הפרעה דיאסטולית דרגה II.",1,0.16
ProcedureSummary,"חדר שמאל בגודל תקין, תפקודו הגלובלי תקין. חדר ימני בגודל ותפקוד תקין. עליה שמאלית בגודל תקין. מסתם אורטלי מסוייד. טבעת המסתם המיטרלי מסויידת , דלף קל עד בנוני של מסתם מיטרלי ודלף בינוני של טריקספיד. לחץ דם ריאתי מוגבר בחומרה בינונית עד קשה.",1,0.16
ProcedureSummary,"חדר שמאל בגודל תקין התכוצותו הגלובלית תקינה. חדר ימין בגודל ותפקוד תקין. עליה שמאלית מורחבת במידה קלה. מסתם אורטלי מסויד עם היצרות קשה, דלף קל. אי ספיקה מיטרלית קלה וטריקוספדלית מנימלית. לחץ דם ריאתי תקין.",1,0.16
ProcedureSummary,"עליה שמאלית מורחבת. חדקר ימין בולט עם תפקוד תקין. אלקטרודה של קוצב בתוכו. חדר שמאל ברוחב תקין עם תפקוד גלובלי תקין, הספטום מעט היפוקינטי. מסתם מיטרלית לאחר תיקון עם דלף קל ומפל מעט מוגבר. מסתםפ אורטלי מסויד, מדגים היצרות קלה עד בינונית. . אס""ק טריקוספידלית בינונית עד קשה( כנראה משנית להפרעה בתנועה של העלה הטריקוספידלי הקידמי על על די האלקטרודה.",1,0.16
ProcedureSummary,"חדר שמאלי בגודל תקין, ספטום מעובה במידה קלה, התכווצות גלובלית ואיזורית תקינה, חדר ימני בגודל והתכווצות תקינה, מסתם אורטלי מסוייד, הצרות בינונית, אי ספיקה קלה, מראה המסתם תומך בהיצרות קשה יותר אם כי יחס VTI תומך בהיצרות בינונית. מנגד, הנתאמה לשטח גוף מסתם מוצר יותר. יש מקום לשקול TEE או הדמיה אחרת להערכת מידת ההיצרות האורטלית. טבעת מסתם מיטרלי מסויידת, עלי המסתם מוסיידים, אי ספיקה קלה, אי ספיקה טריקוספידלית קלה, אין עדות ליתר לחץ דם ריאתי אם כי תבנית הזרימה על פני מסתם פולמונלי תומכת ביל""ד ריאתי",1,0.16
ProcedureSummary,"חדר שמאלי בגודל תקין, ספטום מעובה במידה קלה, התכווצות גלובלית ירודה במידה בינונית עד קשה, אקינזיה לטרלית, אינפריורית בזלית, ופוסטריורית. היפוקינזיה קידמית. חדר ימני בגודל והתכווצות תקינה. מסתם אורטלי מסוייד הודגם מפל קטן אבל (קשה להעריך שטח מסתם עקב קושי בהדמיה), אי ספיקה מיטרלית וטריקוספידלית קלה. לחץ דם ריאתי מוגבר במידה בינונית. הגדלה קלה של העליה השמאלית.",1,0.16
ProcedureSummary,"חדר שמאל מורחבת במידה קלה, תפקודו הסיסוטלי הגלובלי ירוד במידה קלה עם אקינזיה אפיקלית ומיד אנטרוספטאלית, עליה שמאל מורחבת במידה קלה, עליה ימין מורחבת חדר ימין בגודל ותפקוד תקינים , ל""ד ריאתי מוערך מוגבר במידה קלה מסתם אאורטלי מסוייד עם דלף מינימלי ללא הצרות, אנולוס מיטראלי מסוייד ללא הצרות, דלף מיטראלי וטריקוספידלי מינימלי. מודגם תפליט פריקרדיאלי קטן ללא סימני לחץ על מדורים ימניים . סינוסים אאורטליים מורחבים",1,0.16
ProcedureSummary,"חדר שמאלי מורחב במידה קלה והתכווצותו הגלובלית ירודה במידה קשה, עיבוי של הספטום הבזאלי. חדר ימין תקין בגודלו ובהתכווצות, מסתם אורטלי מסויד, ללא היצרות, הסתיידות טבעת מיטרלית. אי ספיקה מיטרלית בינונית עד קשה רסטריקציה של עלה אחורי ודגט מאוד אקסנטרי אחורי לטרלי, דליפה אורטלית וטריקוספידלית קלה. יתר לחץ דם ריאתי בינוני, הרחבה קלה של העליה השמאלית. תפליט פריקרדיאלי קטן עם מעט לחץ דיאסטולי על העליה. IVC בגודל תקין עם שינויים שנימתיים וזרימה הפוכה בורידי הכבד.",1,0.16
ProcedureSummary,"חדר שמאלי בגודל תקין, התכווצותו הגלובלית ואיזורית תקינה, תבנית המילוי מעידה על הפרעה ברלקסציה, חדר ימני בגודל ותפקוד תקין, הרחבה קלה של שורש האורטה, מסתם אורטלי מסוייד ללא הצרות, אי ספיקה אורטלית מינימלית, אי ספיקה מיטרלית קלה, אי ספיקה טריקוספידלית קלה, לחץ דם ריאתי מוגבר במידה בינונית, הגדלה קלה של העליה השמאלית, הגדלה של העליה הימנית. IVC בגודל תקין עם שינוי נשימתי חלקי",1,0.16
ProcedureSummary,"בדיקה באיכות טכנית ירודה. חדר שמאל ברוחב תקין, היפרטרופי, תפקודו הגלובלי מופחת דיפוזית במידה קשה. חדר ימין בגודל ובתפקוד תקין. המסתם האאורטלי מסוייד עם פתיחה תקינה , האנולוס המיטרלי מסוייד. דליפה טריקוספידלית מינימלית, עדות ליתר לחץ דם ריאתי קל. עליה שמאלית מורחבת במידה קלה. תפליט פלאורלי מימין.",1,0.16
ProcedureSummary,"חדר שמאלי ברוחב תקין, ספטום מעובה, תפקודו הגלובלי של חדר שמאלי מופחת במידה בינונית. הודגמה אקינזיה פוסטריורית, לטרלית ואנפרובזלית. תבנית המילוי מתאימה להפרעה ברלקסציה. חדר ימין ברוחב תקין, תפקודו שמור. פרוזדורים ברוחב תקין. הודגם דלף מיטרלי קל, דלף טריקוספידלי מינימלי, לחץ ריאתי מוערך כתקין.",1,0.16
ProcedureSummary,"חדר שמאל מורחב במידה קלה, התכווצותו הגלובלית מופחתת במידה קלה, הודגמה אקינזיה אינפרובזלית, אקינזיה ספטו בזלית, אקינזיה פוסטריורית, חדר ימין בגודל ותפקוד תקין, עליות מורחבות במידה בינונית, אי ספיקה אאורטלית בינונית, אי ספיקה מיטרלית בינונית, אי ספיקה טריקוספידלית קלה עד בינונית, לחץ דם ריאתי מוגבר במידה קלה,, לחץ דם ראתי תקין",1,0.16
ProcedureSummary,"חדר שמאל בגודל תקין, התכווצותו הגלובלית ירודה דיפוזית במידה בינונית-קשה חדר ימין תקין, עליה שמאלית מורחבת במידה קלה, מסתם אאורטלי מסוייד, היצרות אאורטלית קשה, (low flow low gradient low LVEF) אי ספיקה מיטרלית קלה עד בינונית, אי ספיקה טריקוספידלית קלה, לחץ דם ריאתי מוגבר במידה קשה.",1,0.16
ProcedureSummary,"חדר שמאלי בגודל תקין, דפנותיו מעובים במידה קלה, התכווצות גלובלית ואיזורית תקינה, חדר ימני בגודל והתכווצות תקינה, מסתם אורטלי מסוייד, טבעת מסתם מיטרלי מסויידת, אי ספיקה קלה, אי ספיקה טריקוספידלית קלה עד בינונית, לחץ דם ריאתי מוגבר במידה בינונית, הגדלה קלה של העליה השמאלית. הודגם תפליט פלאורלי דו צדדי.",1,0.16
ProcedureSummary,"חדר שמאלי בגודל והתכווצות גלובלית תקינה, תבנית המילוי ללא עדות להפרעה דירסטולית, חדר ימני בגודל והתכווצות תקינה, מסתם אורטלי מסויד ללא היצרות משמעותית ודלף קל, דלף מיטרלי מינימלי, דלף טריקוספידלי מינימלי, לחץ דם ריאתי תקין, עליות בגודל תקין, הודגם תפליט פלאורלי משמאל ומימין.",1,0.16
ProcedureSummary,"חדר שמאלי מורחב, ההתכווצותו גלובלית ירודה במידה בינונית עד קשה, אקינזיה אחורית, לטרלית ואינפריורית, היפוקינזיה שאר הדפנות, חדר ימין תקין בגודלו ותפקודו גבולי, מסתם אורטלי מסוייד עם היצרות בינונית על פניו, אי ספיקה אורטלית קלה עד בינונית, טבעת מסתם מיטרלי מסויידת, אי ספיקה מיטרלית קשה, אי ספיקה טריקוספדלית קלה עד בינונית, לחץ דם ריאתי מוגבר במידה קשה, הגדלה של העליה השמאלית וימנית.",1,0.16
ProcedureSummary,"קשה טכני, בשכיבה על הגב, בפרפור עליות . חדר שמאלי בגודל תקין והתכווצותו גלובלית ירודה במידה קלה, אקינזיה אינפריורית, מיד-פוסטריורית ושל הספטום בזלי אחורי. ספטום מעובה בבסיסו. חדר ימני בגודל והתכווצות תקינה , מסתם אאורטלי מסויד, פתיחתו תקינה , אי ספיקה מיטרלית וטריקוספידלית מינימלית . אין עדות ליתר לחץ דם ריאתי, הרחבה קלה של העליה השמאלית .",1,0.16
ProcedureSummary,"חדר שמאלי בגודל תקין, ספטום היפרטרופי, התכווצותו הגלובלית ומופחתת במידה קלה עד בינונית, אקינזיה אחורית, ספטלית, אינפריורית, עם מעורבות לטרלית, תבנית המילוי עם הפרעה ברלקסציה, מסתם אורטלי מסוייד ללא הצרות משמעותית, אי ספיקה אורטלית מינמלית, טבעת ועלי המסתם המיטרלי מסויידים, אי ספיקה מיטרלית קלה, אי ספיקה טריקוספידלית קלה, אין עדות ליתר לחץ דם ריאתי, הגדלה קלה של העליה השמאלית.",1,0.16
ProcedureSummary,"חדר שמאלי בגודל תקין, ספטום היפרטרופי, התכווצות גלובלית ואיזורית תקינה, חדר ימני בגודל והתכווצות תקינה, מסתם אורטלי מסוייד, הצרות בינונית, אם כי בהתאמה לשטח גוף מדובר בהיצרות קשה יותר, אי ספיקה מינימלית, טבעת מסתם מיטרלי מסויידת, אי ספיקה קלה, אי ספיקה טריקוספידלית בינונית, לחץ דם ריאתי מוגבר במידה קלה, הגדלה קלה של העליה השמאלית. מתאים ללחצי מילוי גבוהים של חדר שמאל.",1,0.16
ProcedureSummary,"חדר שמאל מורחב במידה קשה, תפקודו הגלובלי מופחת במידה קשה , אקינזיה נרחבת, חדר ימין מורחב והיפוקינטי, הרחבה בינונית של עליה שמאלית, מסתם מיטרלי תותב, מפל לחצים בדומה לבדיקה קודמת, אי ספיקה טריקוספידלית בינונית, לחץ דם ראתי מוגבר במידה קשה, אלקטרודת קוצב בחדר ימין.",1,0.16
ProcedureSummary,"חדר שמאלי מעט מעובה, בגודל והתכווצות גלובלית ואיזורית תקינה, תבנית המילוי מתאימה להפרעה ברלקסציה, חדר ימני בגודל והתכווצות תקינה, אי ספיקה טריקוספידלית קלה, אין עדות ליתר לחץ דם ריאתי, ללא הגדלה של העליה השמאלית.",1,0.16
ProcedureSummary,"חדר שמאל מורחב במידה קלה, דפנותיו מעט מעובות, תפקודו הגלובלי והאזורי תקין.תבנית המילוי מתאימה להפרעה בהרפיה, חדר ימין ברוחב ותפקוד תקין. פרוזדור שמאלי מורחב בינונית. מסתם אאורטלי מעט מסוייד, ללא הצרות, הודגם דלף קל. אנולוס מיטרלי מסוייד, דלף מיטרלי קל. דלף טריקוספידלי מינימלי, לחץ ריאתי תקין. הודגם תפליט פריקרדיאלי קטן ללא שינוי מבדיקה קודמת מ-2016",1,0.16
ProcedureSummary,"בדיקה באיכות טכניתיריודה. חדר שמאלי בגודל והתכווצות גלובלית שמורה, רושם להיפוקינזיה אחורית ואינפריורית, חדר ימני בגודל והתכווצות תקינה, מסתם אורטלי מעט מסוייד, אי ספיקה אורטלית מינימלית, אי ספיקה מיטרלית קלה, לא ניתן להעריך לחץ דם ריאתי, ללא הגדלה של העליה השמאלית.",1,0.16
ProcedureSummary,"חדר שמאלי בגודלתקין והתכווצות גלובלית ואיזורית תקינה, תבנית המילוי פסאודו - תקינה, חדר ימני בגודל והתכווצות תקינה, מסתם אורטלי מסויד עם הצרות בינונית, אי ספיקה מיטרלית קלה עד בינונית, אין סיגנל דופלר להערכת עדות ליתר לחץ דם ריאתי, הגדלה של העליה השמאלית. תפליט פלאורלי מימין.",1,0.16
ProcedureSummary,"מושתל לב. חדר שמאלי תקין בגודלו,דופנותיו תקינים בעובים,תפקוד גלובלי תקין עם אסינכרוניה קלה משנית להפרעת ההולכה. תבנית מילוי יכולה להתאים ללחצי מילוי גבוהים של חדר שמאלי. אי ספיקה מיטרלית מינימלית, אי ספיקה טרקיוספידאלית מינימלית. לחץ ריאתי מוגבר במדיה קלה מאוד. הגדלה קלה של העליה השמאלית.",1,0.16
ProcedureSummary,"חדר שמאלי מורחב עם התכווצות גלובלית מופחתת במידה קשה (ראה פיזור איזרי), תבנית המילוי פסאודונורמלית, חדר ימני מורחב והיפוקינטי, אי ספיקה מיטרלית קלה, מסתם אורטלי תותב עם מפל תקין על פניו, אי ספיקה מיטרלית בינונית וטריקוספידלי בינונית קשה עם יתר לחץ דם ריאתי בחומרה קלה ועליות מורחבות, בהערכת סיכרוניזציה בינחדרית נמצא פער של 29 משנ (לא משמעותי), בהערכת סינכרניזציה חדרית (12 סגמניטים), נמצאה סטיית תקן של 26 משנ (לא משמעותי), הפער בין המחיצה והלטרלית 50 משנ (לא משמעותי), המאחרת ביותר היא הדופן האינפר",1,0.16
ProcedureSummary,"עליה שמאליתי מורחבת. חדר ימין מורחב והיפוקינטי בינונית. חדר שמאל מעט מורחב עם תפקוד גלבוי ירוד במידה קשה. קאישניה אפיקלית, ספטלית, אינפריורית, מיד פוסטריורית. . השאר היפוקעינטי קשה. מסתם אורטלי מעובה. אס""ק מיטרלית וטריקוספידלית. לחץ ריאתי תקין. תבנית מילוי רסטריקטבית. נוזל פלוירלי מימין.",1,0.16
ProcedureSummary,"פרפור פרוזדורים איכות הדמיה מוגבלת (האפקס בעיקר לא מודגם היטב) חדר שמאל בגודל תקין ,היפרטרופי במידה קלה, תפקודו הסיסטולי הגלובלי תקין ללא הפרעה אזורית ברורה ,לא ניתן לקבוע תפקוד דיאסטולי , עליה שמאל מורחבת במידה קלה חדר ימין נראה מעט מורחב עם תפקוד סיסטולי תקין , ל""ד ריאתי מוערך מוגבר במידה בינונית מסתם אאורטלי מסוייד ללא דלף או הצרות, אנולוס מיטראלי מסוייד ללא הצרות ,דלף מיטראלי וטריקוספידלי מינימלי",1,0.16
ProcedureSummary,"מושתל לב. חדר שמאלי מורחב במידה קלה, התכווצותו הגלובלית ירודה במידה קלה-בינונית EF-45%. אקינזיה מידספטלית והיפוקינזיה אפיקלית ואינפריורית. חדר ימני בגודל והתכווצות שמורה. מסתם אאורטלי מסוייד מעט עם דלף קל מאד. אי ספיקה מיטרלית קלה עד בינונית. אי ספיקה טריקוספדלי קשה. לחץ דם ריאתי מודבר במידה בינונית 52 ממ""כ. נצפו אלקטרודות קוצב.",1,0.16
ProcedureSummary,"חדר שמאלי בגודל תקין, דפנותיו מעובים, ההתכווצותו גלובלית ואיזורית תקינה, חדר ימין תקין בגודלו ותפקודו, מסתם אורטלי מסוייד עם היצרות קלה, מסתם מיטרלי מסוייד עם אי ספיקה מיטרלית בינונית ומפל לחצים מוגבר על פניו (בנוכחות דופק של 85 פעימות לדקה), לחץ דם ריאתי מוגבר במידה קשה, הגדלה של העליה השמאלית וימנית.",1,0.16
ProcedureSummary,"בדיקה קשה טכנית. חדר שמאלי מורחב במידה קלה, התכווצותו הגלובלית ירודה במדיה קלה, אקינזיה ספטלית, חדר ימני בגודל והתכווצות תקינה, מסתם אורטלי מעט מסויד, מסתם מיטרלי מעובה, טבעת מיטרלית מעט מסודיית, אי סםפיקה מיטרלית קשה, אי ספיקה טריקוספידלית בינונית, לחץ דם ריאתי מוגבר במידה קשה, הגדלה קלה של העליה השמאלית. הפרעה דיסאטולית דרגה III.",1,0.16
ProcedureSummary,"חדר שמאלי מורחב במידה בינונית, ספטום מעובה במידה קלה, התכווצות גלובלית ירודה במידה בינונית עד קשה, אקינזיה פוסטריורית ולטרלית שאר הדפנות היפוקינטי, חדר ימני מורחב, התכווצות שמורה, מסתם אורטלי תותב מכני עם מפל לחצים תקין על פניו, מסתם מיטרלי תותב מכני עם מפל לחצים תקין על פניו, אי ספיקה טריקוספידלית בינונית, לחץ דם ריאתי מוגבר במידה בינונית, הגדלה בינונית של העליה השמאלית.",1,0.16
ProcedureSummary,"חדר שמאלי בגודל והתכווצות גלובלית ואיזורית תקינה, תבנית המילוי פסאודו - תקינה, חדר ימני מורחב והתכווצותו מעט מופחתת , מבתם אורטלי תותב ביולוגי עם מפלים מוגברים המצביעים על הצרות משמעותית, אי ספיקה מיטרלית קלה עד בינונית, אורטלית קלה וטריקוספידלית קלה עד בינונית. עדות ליתר לחץ דם ריאתי בחומרה בינונית, ללא הגדלה של העליה השמאלית, הימנית מורחבת. בהשוואה לבדיקת אקו בשיבא מלפני שנה יש עליה במפל על המסתם התותב, (26)48 ממכ ל (40)71 ממכ יש לפנות לרופא המטפל שהפנה לבדיקה בהקדם.",1,0.16
ProcedureSummary,"מטופל בפרפור 110-144 במהלך הבדיקה חדר שמאל הגודל תקין, דפנותיו מעובות. קיימת אקינזיה אפיקלית עם קושי בהערכת התפקוד הסיסטולי הכולל עקב AF מהיר עם R-R משתנה. רושם לירידה בינונית בתפקוד הסיסטולי של חדר שמאל. לא ניתן להעריך תפקוד דיאסטולי. חדר ימין בגודל ותפקוד תקינים. עלי מסתם אאוטלי וטבעת מסתם מיטראלי מסויידים. דלף מיטראלי וטריקוספידלי קל. נמדד יתר לחץ דם ריאתי קשה.",1,0.16
ProcedureSummary,"חדר שמאל מורחב במידה קלה, הפרטרופי, התכווצות גלובלית מופחתת במידה קלה ,אקינזיה פוסטריוריות, לטרלית, עליה שמאלית מורחבת במידה קלה, חללי הלב ימניים תקינים, טבעת מסתם מיטרלי מסוידת, אי ספיקה מיטרלית קלה עד בינונית, מסתם אורטלי מסויד, עם מפלים מוגברים על פניו המתאים להיצרות קלה אי ספיקה אורטלית קלה, אי ספיקה טריקוספידלית קלה עד בינונית, לחץ דם ריאתי מוגבר במידה בינונית, IVC רחבה עם תמת נשימתי חלקי.",1,0.16
ProcedureSummary,"חדר שמאלי מורחב, התכווצות גלובלית ירודה במידה קשה. חדרר ימני מורחב עם ירידה בינונית לפחות בהתכווצות, דלף בינוני מיטרלי, קשה להדמיה, דלף קשה של טריקספיד, עדות ליתר לחץ דם ריאתי בינוני, הגדלה בינונית של העליה השמאלית. הגדלה של עליה ימין. מתאים ללחצי מילוי גבוהים של חדר שמאל. הרחבה של אורטה עולה. בבדיקת סינכרוניזציה בינחדרית: חדר ימין מתכוות 22 מילישניות לפני חדר שמאל - לא תקין. בבדיקת סינכרוניזציה תוך חדרית:YU INDEX=43MSEC. לא תקין, קיר לטרלי מתגכווץ 50 מילישניות לאחר קיר ספטלי.",1,0.16
ProcedureSummary,"חדר שמאלי בגודל בגודל תקין, התכווצותו ירודה במידה בינונית, אקינזיה אפיקלית רחבה, חדר ימני בגודל והתכווצות תקינה, מסתם אורטלי מסוייד עם דלף מינימלי, טבעת מסתם מיטרלי מסויידת ,דלף מיטרלי קשה, גט אחורי לטרלי, TENTING של עלה קידמי המחליק על פני עלה אחורי רסטרקטיבי. דלף טריקוספידלי קשה, לחץ דם ריאתי מוגבר במידה קשה, ללא הגדלה של העליה השמאלית.תפליט פריקרדיאלי מינימלי, תפליט פלואורלי.",1,0.16
ProcedureSummary,"חדר שמאלי בגודל תקין, דפנותיו מעובות במידה קלה, התכווצות גלובלית ואיזורית תקינה, חדר ימני בגודל והתכווצות תקינה, אי ספיקה מיטרלית וטריקוספידלית מינימלית, לא ניתן להעריך לחץ דם ריאתי בהעדר סיגנל TR, העליה השמאלית מורחבת במידה קלה.",1,0.16
ProcedureSummary,"חדר שמאל בגודל תקין, התכווצות גלובלית ירודה במידה בינונית, אקינזיה ספטלית, היפוקינזיה אינפריורית ואחורית., תבנית מילוי רסטריקטיבית, עליה שמאלית מורחבת במידה בינונית, חדר ימני מורחב עם תיפקוד ירוד במידה בינונית לפחות, עליה ימנית מורחבת במידה קלה עד בינונית, אי ספיקה מיטרלית קלה, אי ספיקה טריקוספידלית בינונית, לחץ דם ריאתי מוגבר במידה בינונית, הודגם קוצב בחללי הלב ימניים, הודגם נוזל פלאוראלי מימין.",1,0.16
ProcedureSummary,"חדר שמאל בגודל תקין, ספטום היפרטרופי, התכווצותו הגלבולית יירודה במידה קלה, אקיזניה אינפריורית, היפוקינזיה פוסטריורית, חדר ימין בגודל ותפקוד תקינים, הרחבה קלה של עליה שמאלית, מסתם אאורטלי מסוייד, טבעת המסתם מיטרלית מסויידת, אי ספיקה מיטרלית קלה, אי ספיקה טריקוספידלית מינימלית, לחץ דם ריאתי מוגבר במידה בינונית.",1,0.16
ProcedureSummary,"הדמיה קשה. חדר שמאל מורחב ,תפקודו הסיסטולי הגלובלי ירוד במידה קלה. הודגמה אקינזיה אינפריורית עם מעורבות אחורית לטרלית. חדר ימין בגודל ותפקוד תקינים. עליה שמאלית מורחבת. מסתם אורטלי מסוייד, ללא הצירות, דלף קל. מסתם המיטרלי מסוייד, דלף מיטרלי קל עד בינוני. אי ספיקה טריקוספידלית קלה, לחץ דם ריאתי תקין.",1,0.16
ProcedureSummary,"איכות הדמיה נמוכה (קשה להעריך הפרעות איזוריות כראוי) חדר שמאל מעט מורחב, היפרטרופי במידה קלה, תפקודו הסיסטולי הגלובלי תקין ללא הפרעה אזורית ברורה תבנית המילוי הדיאסטולי פסאודונורמלית, עליה שמאל מורחבת במידה בינונית. חדר ימין בגודל תקין עם תפקוד סיסטולי תקין (בהסתייגות שלא מודגם היטב) , לא ניתן להעריך ל""ד ריאתי בהעדר סיגנל TR מספק. מסתם אאורטלי מעובה קלות ללא דלף או הצרות, דלף מיטראלי וטריקוספידלי מינימלי. לא הודגמה הרחבה של אאורטה עולה",1,0.16
ProcedureSummary,"חדר שמאל בגודל תקין, היפרטרופיה של הספטום הבזלי, ההתכווצותו הגלובלית ירודה במידה קשה, דיסקינזיה אפיקלית, אקינזיה ספטלית, אקינזיה אינפריורית ואחורית, תבנית מילוי פסאודונורמאלית, חדר ימין בגודל ותפקוד תקין, עליה שמאלית מורחבת במידה קלה, אי ספיקה מיטרלית קלה, אי ספיקה טריקוספידלית מינימלית",1,0.16
ProcedureSummary,"חדר שמאלי בגודל והתכווצות גלובלית ואיזורית תקינה, חדר ימין תקין, הסתיידות אנולוס מיטרלי, דליפה מינימלית של מסתם אורטלי מיטרלי וטריקספידלי, עדות ליתר לחץ דם ריאתי קל, הגדלה קלה של העליה השמאלית. יכול להתאים ללחצי מילוי גבוהים של חדר שמאל. עליה ימין מורחבת. תפליט פריקרדיאלי קל, מעט יותר מאשר בבדיקה קודמת.",1,0.16
ProcedureSummary,"חדר שמאלי מורחב במידה קלה, ההתכווצותו גלובלית ירודה במידה קשה בצורה דיפוזית, חדר ימין תקין בגודלו, תפקודו שמור, אי ספיקה מיטרלית קלה, אי ספיקה טריקוספדלית מינמלית, לחץ דם ריאתי מוגבר במידה בינונית, הגדלה קלה של העליה השמאלית, נוזל פריקרדירלי בכמות מינימלית, נוזל פלאורלי מימין .",1,0.16
ProcedureSummary,"חדר שמאל מורחב במידה בינונית, התכווצות גלובלית ירודה במידה בינונית-קשה, עליות מורחבות במידה קלה, אי ספיקה מיטרלית בינונית, אי ספיקה אאורטלית מינימלית, אי ספיקה טריקוספידלית קלה. חדר ימני מורחב עם תיפקוד ירוד במידה קלה-בינונית, לחץ דם ריאתי מוגבר במידה בינונית. הודגמה אלקטרודת קוצב בחללי הלב הימניים הודגם נוזל פלאוראלי.",1,0.16
ProcedureSummary,"חדר שמאלי מורחב במידה קלה, עם התכווצות גלובלית מופחתת במידה קשה, תבנית המילוי רסטרקטיבית חדר ימני מורחב עם תפקוד מופחת במידה קשה, מסתם אורטלי מסויד, דלף מיטרלי קל, דלף טריקוספדלי קשה, IVC רחב ללא הענות נשימתית , לא ניתן להדגים לח""ד ריאתי בגלל חומרת הדלף הטריקוספידלי ,הודגם תפליט פלאורלי דו""צ",1,0.16
ProcedureSummary,"לב מושתל.חדר שמאל בגודל תקין, דפנותיו מעובות התכווצותו הגלובלית והאיזורית תקינה. חדר ימין בגודל תקין. תבנית מילוי תקינה. אי ספיקה מיטרלית קלה אי ספיקה טריקוספדלית מנימלית, לחץ דם ריאתי תקין",1,0.16
ProcedureSummary,בדיקה טכנית קשה מאוד. חדר שמאל בגודל תקין התכוצותו הגלובלית מופחתת במידה קלה עד בינונית.חדר ימין עם רושם לתפקוד שמור. תבנית מילוי עם הפרעה ברלקסציה.עליה שמאלית מורחבת. לא ניתן לדון על ממצאים נוספים בשל איכות הבדיקה.,1,0.16
ProcedureSummary,"חדר שמאל מורחב, תפקודו הגלובלי מופחת במידה קשה, עם היפוקינזיה דיפוזית חדר ימין מורחב עם תפקוד מופחת. דליפה מיטרלית קלה, דליפה טריקוספידלית בינונית, IVC מורחב ללא שינוי נשימתי , עדות ליתר לחץ דם ריאתי בינוני. עליה שמאלית מורחבת במידה בינונית.",1,0.16
ProcedureSummary,"ביקורת. חדר שמאלי מורחב והתכווצות גלובלית ירודה במידה קשה, אקינזיה ספטלית, אפיקלית , קידמית, היפוקינזיה אינפריורית חדר ימני בגודל והתכווצות תקינה עם אלקטרודת קוצב בתוכו, מסתם מיטרלי לאחר MITRAL CLIP, אי ספיקה מיטרלית בינונית, מפל לחצים מוגבר על פניו, מסתם טריקוספדלי לאחר CLIP עם אי ספיקה קלה עד בינונית, לחץ דם ריאתי מוגבר במידה בינונית, הגדלה של העליה השמאלית.",1,0.16
ProcedureSummary,"ליד מיטת החולה + מסכת חמצן חדר שמאלי תקין בגודלו, דפנותיו ובעיקר הספטום מעובות, והתכווצותו גלובלית ירודה במידה קלה עד בינונית. תבנית המילוי רסטריקטיבית. חדר ימני מורחב במידה קלה והתכווצותו ירודה במידה קלה. עליות מורחבות. אי ספיקה מיטרלית קלה עד בינונית, הסתיידות טבעת מיטרלית. מסתם אאורטלי מסוייד עם אי ספיקה קלה. אי ספיקה טריקוספידלית קלה עד בינונית. לחץ דם ריאתי מוגבר במידה קשה. תפליטים פלאורליים, תפליט פריקרדיאלי מינימלי. IVC רחב, ללא תמט.",1,0.16
ProcedureSummary,"חדר שמאל מורחב, דפנותיו אינן מעובות, קיימת פגיעה נרחבת וקשה בהתכווצות הדפנות עם תפקוד סיסטולי גלובלי ירוד במידה קשה. לא ניתן להעריך תפקוד דיאסטולי. חדר ימין בגודל תקין עם ירידה קלה בתפקודו. עליה שמאל מעט מורחבת. עלי מסתם אאורטלי מסויידים, דרך המסתם אי ספיקה קלה. אי ספיקה מיטרלית בינונית עם tenting של העלים וסילון אקסנטרי אחורי. אי ספיקה טריקוספידלית קלה. נימדד יתר לחץ דם ריאתי מוגבר במידה קלה. מודגמת אלקטרודה בחללים ימניים.",1,0.16
ProcedureSummary,"חדר שמאל מורחב במידה קשה תפקודו הגלובלי ירוד במידה קשה ביותר (רוב הדפנות אקינטיות ויש מעט סגמנטים היפוקינטיים גם הם עם היפוקיניזה קשה). עליה שמאל מורחבת במידה ניכרת. חדר ימין מורחב ותפקודו ירוד במידה קשה. ל""ד ריאתי מוגבר במידה קלה. מסתם אארוטלי במבנה ותפקוד תקינים. מסתם מיטראלי עם רסטריקציה של עלה אחורי הגורמת לדף בחומרה עד קשה. דלף טריקוספידלי בינוני. אלקטרודת קוצב בחללי הלב הימניים.",1,0.16
ProcedureSummary,"בדיקת אקו חלקית בחשד לטמפונדה מודגם חדר שמאלי מעובה בצורה קונצנטרית (גם החדר הימני מעובה), התכווצות גלובלית תקינה ללא הפרעה אזורית ברורה, מודגם תפיט פריקרדיאלי גדול, פחות סביב החדר הימני, לא מודגמת דחיקת חללים, הוריד הנבוב התחתון אינו מורחב ויש השתנות נשימתית. בהשוואה לבדיקה שבוצעה באפריל כמות התפליט דומה, ולהערכתי אינו גורם להשפעה המודינמית משמעותית.",1,0.16
ProcedureSummary,"חדר שמאלי ברוחב תקין, ספטום מעט מעובה ואסינכרוני, תפקודו הגלובלי והאזורי תקין EF-57%. סימנים ללחצי מילוי מוגברים. גל E גבוה עם יחס גבוה ב TDI - נובע מ MR משמעותי והפרעה דיאסטולית. חדר ימין מורחב מעט והיפוקינטי קל. פרוזדורים מורחבים במידה קלה. מסתם מיטרלי מעובה וכיפתי עם הגבלה בתנועת עלה אחורי. היצרות מטרלית קלה מפל 10/5 ודלף בינוני-קשה (בגבול קשה). הודגם דלף טריקוספידלי בינוני עד קשה ופולמונלי קל. לחץ ריאתי 73 ממ""כ מוגבר במידה קשה. אנוריזמה של IAS . הודגם PFO קטן עם מעבר משמאל לימין.",1,0.16
ProcedureSummary,"חדר שמאלי מורחבת במידה בינונית, תפקודו הגלךובלי הסיסטולי מופחת במביהד יבנונית עד קשה עם אקינזיה לטלרית אחרוית תחתונה , קמדית היפוקנזיה של השאר. תבנית מילוי דיאסטולי פסוידונורמלית חדר ימין בגודל ותפקוד תקינים עליה שמאלית ברוחב תקין מסתם אוארטלי עם דלף מנימלי מסתם מטרלי עם דלף קל עד נבינוני דלף טריקוספידלי קל לחץ דם ראתי סיסטולי מוערך כתקין וריד נבוב תחתון אינו מורחב ועובר תמט נשימתי הולם באינספיריום ללא תפליט פריקרדיאלי אאורטה עולה ושורש האאורטה ברוחב תקין אלקטרודת קוצב",1,0.16
ProcedureSummary,"חדר שמאל בגודל תקין, דפנותיו מעובות, תפקודו הסיסטולי הגלובלי תקין. לא ניתן להעריך תפקוד דיאסטולי. חדר ימין בגודל ותפקוד תקינים. מבנה ותפקוד מסתמים תקין. לא נימדד יתר לחץ דם ריאתי. שורש אאורטה ואאורטה עולה מורחבים. ללא עדות לתפליט פריקרדיאלי.",1,0.16
ProcedureSummary,"חדר שמאל מורחב במידה קלה, היפרטרופי במידה קלה, תפקודו הסיסטולי הגלובלי תקין ללא הפרעה אזורית ברורה, לא ניתן לקבוע תפקוד דיאסטולי,עליות מורחבות במידה קלה. חדר ימין בגודל ותפקוד תקינים , ל""ד ריאתי מוערך מוגבר במידה קלה. מסתם אאורטלי מסוייד ללא דלף או הצרות, אנולוס מיטראלי מסוייד, דלף מיטראלי קל, דלף טריקוספידלי מינימלי . מודגם תפליט פריקרדיאלי מינימלי חסר משמעות המודינמית.",1,0.16
ProcedureSummary,"בדיקה קשה טכנית חדר שמאלי בגודל תקין התכווצות גלובלית ואיזורית תקינה, תבנית המילוי תקינה, חדר ימני בגודל והתכווצות תקינה, עיבוי עלי המסתם האורטלי עם דלף מינימלי, אי ספיקה מיטרלית וטריקוספידלית קלה, לחץ דם ריאתי תקין, עליות תקינות.",1,0.16
ProcedureSummary,"הבדיקה בוצעה כשהנבדק בישיבה. חדר שמאל מורחב במידה קלה, היפרטרופי, תפקודו הגלובלי מופחת במידה קשה עם היפוקינזיה דיפוזית יותר בולטת באפקס. חדר ימין בגודל תקין עם תפקוד מופחת במידה קלה. דליפה מיטרלית בחומרה קלה עד בינונית. בהעדר דליפה טריקוספידלית לא ניתן למדוד לחץ דם ריאתי. עליה שמאלית מורחבת במידה בינונית. האאורטה העולה והסינוסים האורטלים מורחבים במידה קלה. תבנית מילוי פסוידו נורמלית.",1,0.16
ProcedureSummary,"חדר שמאל תקין בגודלו , התכווצותו ירודה במידה קלה-בינונית בצורה דיפוזית ללא הפרעה איזורית ברורה, דפנותיו מעובים,עליה שמאלית בגודל תקין, מסתם אאורטלי מעט מסוייד, אי ספיקה אאורטלית קלה, אי ספיקה מיטרלית וטריקוספידלית קלה, לא הודגמה עקומת TR להערכת לחץ דם ראתי",1,0.16
ProcedureSummary,"חדר שמאלי בגודל תקין, התכווצותו הגלובלית שמורה, חדר ימני מורחב במידה קלה, תפקודו מופחת במידה קלה, מסתם אורטלי מסוייד שטח מסתם מחושב מתאים להצרות בינונית, מפל לחצים לא בהתאמה יתכן משני לנפח פעימה נמוך, טבעת המסתם המיטרלי מסויידת, אי ספיקה מיטרלית קלה, אי ספיקה טריקוספידלית בינונית, לחץ דם ריאתי מוגבר במידה קשה, הגדלה קלה של העליה השמאלית, הודגמה מיימת.",1,0.16
ProcedureSummary,"הדמיה קשה טכנית, בוצעה בשכיבה על הגב. חדר שמאלי מורחב במידה קלה, התכווצות גלובלית ירודה במידה קשה, אקינזיה אינפריורי, פוסטריורית, ספטלית ואפיקלית. חדר ימני בגודל תקין, התכווצות ירודה במידה קלה, אי ספיקה מיטרלית בינונית עד קשה, אי ספיקה טריקוספידלית קלה. לחץ דם ריאתי מוגבר במידה קלה. הגדלה קלה של העליה השמאלית.",1,0.16
ProcedureSummary,"מטופל באי שקט. חדר שמאלי בגודל תקין, התכווצות גלובלית ירודה במידה בינונית לקשה, הירידה היא גלובלית אך בולטת יותר בקיר תחתון אחורי ספטלי, חדר ימני בגודל תקיןם עם ירידה לפחות בינונית בהתכווצותו, מסתם אורטלי מסוייד, עלי מסתם מיטרלי מסויידים, אי ספיקה מיטרלית בינונית, אי ספיקה טריקוספידלית קלה עד בינונית. לחץ דם ריאתי מוגבר במידה קשה. הגדלה קלה של העליה השמאלית. הודגם תפליט פלאורלי דו צדדי.",1,0.16
ProcedureSummary,"חדר שמאלי בגודל תקין, ספטום היפרטרופי, התכווצותו הגלובלית תקינה, אקינזיה אינפרו-בזלית, חדר ימני בגודל והתכווצות תקינה, טבעת המסתם המיטרלי מסויידת, אי ספיקה מיטרלית קלה, אי ספיקה טריקוספידלית קלה, לחץ דם ריאתי מוגבר במידה קלה, הגדלה קלה של העליה השמאלית, הגדלה של העליה הימנית.",1,0.16
ProcedureSummary,"חדר שמאלי מעובה, בעיקר במחיצה, בגודל תקין והתכווצות גלובלית מופחתת במידה קשה, ירידה די דיפוזית, אין פעילות מכנית בעליה השמאלית, חדר ימני בגודל תקין והתכווצות מעט מופחתת, מבנה המסתמים תקין, אי ספיקה אורטלית קלה, מיטרלית וטריקוספידלית קלה עד בינונית, עדות ליתר לחץ דם ריאתי, הגדלה של העליה השמאלית והימנית, קוצב מימין, IVC עם הענות נשימתית מופחתת. גירגור עדין בשריר הלב מחשיד לעמילואיד.",1,0.16
ProcedureSummary,"חדר שמאל מורחב , תפקודו הגלובלי מופחת במידה קשה , אקינזיה אינפריורית אחורית לטרלית עם מעורבות אפיקלית, היפוקינזיה קשה של שאר הדפנות, תבנית המילוי רסטרקטיבית, חדר ימין מורחב עם תפקוד מופחת במידה בינונית, הרחבה של עליה שמאלית, מסתם אאורטלי מסוייד, אי ספיקה אאורטלית קלה, מסתם מיטרלי מעובה ומסוייד , TETHERING קשה של עלי המסתם, אי ספיקה מיטרלית קלה-בינונית, אי ספיקה טריקוספידלית בינונית-קשה, לחץ דם ראתי מוגבר במידה קשה, אלקטרודת קוצב בחדר ימין , הודגמה מיימת.",1,0.16
ProcedureSummary,"חדר שמאלי מורחב עם התכווצות גלובלית ואיזורית תקינה, היפרטרופי, חדר ימני בגודל והתכווצות תקינה, מסתם אאורטלי מסוייד ומוצר במידה קלה, אי ספיקה אורטלית בינונית, יש מקום להדמות ב TEE את מדית הדלף, תיתכן תת הערכה, אי ספיקה מיטרלית קלה לבינונית ודלף וטריקוספידלי בינוני, לחץ דם ריאתי מוגבר במידה בינונית, עליות מורחבות. הרחבה של אורטה עולה סינוס אורטחלי וקשת האורטה.",1,0.16
ProcedureSummary,"חדר שמאל מורחב, התכווצותו הגלובלית ירודה במידה קשה, אקינזיה אפיקלית, ספטלית, ואנטריורית, חדר ימין מורחב במידה קלה תפקודו מופחת, מסתם אאורטלי מעובה, אי ספיקה אאורטלית מינימלית, אי ספיקה מיטרלית קלה עד בינונית, אי ספיקה טריקוספידלית קלה , לחץ דם ריאתי מוגבר במידה קלה, חדר ימין בגודל ותפקוד תקין, הודגמה אלקטרודת קוצב בחללים הימניים, ממצא מובילי על אלקטרודת הקוצב בחלקה העליתי (משמעות בהתאם לקלניקה) .",1,0.16
ProcedureSummary,"הדמיה קשה טכנית ממנחים אפיקליים. חדר שמאלי בגודל תקין, קושי בהערכת תפקד אזורי עקב הדמיה מוגבלת של האנדוקרד אך רושם כי התפקוד הגלובלי שמור. הפרעה דיאסטולית דרגה 2. חדר ימני בגודל תקין והתכווצות תקינה. מסתם אאורטלי תקין. דליפה מיטרלית וטריקוספידלית קלה. לחץ דם ריאתי גבולי. הגדלה קלה של העליה השמאלית.",1,0.16
ProcedureSummary,"חדר שמאל בגודל ותפקוד תקין, חדר ימין בגודל תקין, תפקודו שמור, הרחבה קשה של עליה שמאלית וימנית, מסתם אאורטלי מסוייד, היצורת אאורטלית בינונית, אי ספיקה אאורטלית קלה, מסתם מיטרלי תותב מתכתי, תנועת הדסקות נראית תקינה, מפל לחצים מוגבר על פניו בדומה לבדיקה קודמת, לא הודגם דלף משמעותי, מסתם טריקוספידלי תותב מתכתי עם מפל לחצים מוגבר בדומה לבדיקה קודמת, לחץ דם ראתי מוגבר במידה קשה, IVC רחב ללא שינוי נשימתי, הודגמה מיימת.",1,0.16
ProcedureSummary,"הדמיה קשה מאוד, קשה להעריך תיפקוד חדרים, חדר שמאלי מורחב עם ירידה עד קלה לבינונית בתיפקוד, חדר ימין מורחב עם ירידה בינונית בתיפקוד, דלף קל מיטרלי ודלף בינוני של טריקספיד, עדות ליתר לחץ דם ריאתי בינוני לקשה, הגדלה קלה של העליה השמאלית והימנית. תבנית המילוי רסטרקטיבית.",1,0.16
ProcedureSummary,"חדר שמאלי ברוחב תקין, הפרטראופי, תפקודו הגלובלי בגבול הנורמה, חדר ימין מעט מורחב, תפקודו מופחת במידה קשה. פרוזדורים מורחבים. מסתם אאורטלי מסוייד, הצרות קלהץ הודגם דלף מיטרלי מינימלי, דלף טריקוספידלי קל עד בינוני, לחץ ריאתי מוגבר במידה קשה. הודגם תפליט פריקרדיאלי מינימלי, הודגם תפליט פלאוראלי.",1,0.16
ProcedureSummary,"חדר שמאל במעט מורחב, דפנותיו אינן מעובות, תפקודו הסיסטולי הגלובלי ירוד במידה בינונית (ראה פיזור אזורי). הפרעה דיאסטולית דרגה 1. חדר ימין בגודל ותפקוד תקינים. עלי מסתם אאורטלי מעט מסויידים, דרך המסתם דלף מיזערי. אי ספיקה מיטרלית וטריקוספידלית מיזערית. לא נימדד יתר לחץ דם ריאתי. הודגם PDA - ידוע מבדיקות קודמות.",1,0.16
ProcedureSummary,"בדיקה קשה טכנית. חדר שמאלי ברוחב תקין, ספטום מעט מעובה, תפקודו הגלובלי תקין יפוקינזיה אינפרובזאלית. חדר ימין ברוחב ותפקוד תקין. פרוזדור שמאלי מעט מורחב.אנולוס מיטרלי מסוייד במדה קלה, דלף מיטרלי קל עד בינוני. מסתם אאורטלי מעט מסוייד, לא הודגמה הפרעה המודינמית. דלף טריקוספידלי מינימלי, לחץ ריאתי מוערך כתקין.",1,0.16
ProcedureSummary,"בדיקה קשה טכנית חדר שמאלי מורחב במידה קלה עם התכווצות גלובלית שמורה, היפוקינזיה ספטלית , חדר ימני עם התכווצות שמורה( גבולית) אלקטרודת קוצב בתוכו, מסתם אורטלי מעט מסויד, דלף אורטלי ומיטרלי מינימלי,דלף טריוספידלי בינוני,IVC רחב ללא הענות נשימתית, לח""ד ריאתי מוגבר במידה קשה, תפליט פריקרדיאלי משמאל בכמות מינימלית",1,0.16
ProcedureSummary,"חדר שמאלי בגודל תקין והתכווצותו ירודה במידה בינונית, ראה פיזור אזורי, ספטום מעובה במידה קלה, חדר ימני בגודל תקין והתכווצותו ירודה במידה קשה, מסתם אורטלי מסוייד, מסתם מיטרלי מסוייד ומוצר במידה קלה,אי ספיקה מיטרלית בינונית, אי ספיקה טריקוספידלית קשה, לחץ דם ריאתי מוגבר במידה קשה, עליות מורחבות, תפליט פלאוראלי מימין.",1,0.16
ProcedureSummary,"עליה שמאלית מורחבת. חדר ימין היפוקינטי קשה. חדר שמאל ברוחב תקין עם תפקוד גלובלי ירוד במידה בינונית עד קשה. אקינזיה אחורית, לטרלית, אפיקלית, אינפריורירת. השאר היפוקינטני. אס""ק מיטרלית ביננית. אס""ק טריקספידלית בינונית. יל""ד ריאתי קשה. תבנית מילוי רסטריקטיבית. מיימת. נוזל פלוירלי משמאל. אקלטרודת קוצב מימין. בדיקת סינכרוניזציה: חדר ימין מתכווץ 0 מילישניות לפני חדר שמאל ( לא משמעותי) YU INDEX=22( לא משמעותי) BAX INDEX=500לא משמעותי) הקיר הספטלי מתכווץ אחרון.",1,0.16
ProcedureSummary,"לב מושתל, בדיקה בוצעה בשיבה על הגב, חדר שמאל מורחב במידה קלה, התכווצותו הגלובלית מופחתת במידה קלה , אקינזיה אינפרו-בזאלית, חדר ימין התכצותו שמורה, אי ספיקה מיטרלית בינונית, אי פסיקה טריקוספידלית קלה עד יבנונית, לחץ דם ריאתי מוגבר במידה בינונית",1,0.16
ProcedureSummary,"חדר שמאל בגודל תקין ,תפקודו הסיסטולי הגלובלי תקין ללא הפרעה אזורית ,,תבנית המילוי הדיאסטולי פסאודונורמלית ,עליה שמאל מורחבת במידה קלה חדר ימין בגודל ותפקוד תקינים , ל""ד ריאתי מוערך מוגבר במידה קלה מבנה ותפקוד המסתמים תקין",1,0.16
ProcedureSummary,"חדר שמאל מורחב במידה קשה, היפרטרופיה קלה, תפקודו הגלובלי מופחת במידה קשה באופן דיפוזי, תבנית המילוי רסטרקטיבית, חדר ימין בגודל ותפקוד תקין, הרחבה בינונית של עליה שמאלית , TETHERING של עלי המסתם המיטרלי, אי ספיקה מיטרלית קלה-בינונית, מסתם אאורטלי מעובה, אי ספיקה מינימלית, אי ספיקה טריקוספידלית קלה, לחץ דם ראתי מוגבר במידה בינונית, אלקטרודת קוצב בחדר ימין .",1,0.16
ProcedureSummary,לב מושתל .חדר שמאל בגודל תקין התכוצותו הגלובלית תקינה. חדר ימין בגודל ותפקוד תקין. תבנית מילוי תקינה. אי ספיקה מיטרלית וטריקוספדלית מנימלית. ללא סיגנל TRברור,1,0.16
ProcedureSummary,"חדר שמאל מורחב, תפקודו הגלובלי מופחת במידה קשה, תבנית המילוי פסאודונורמאלית, חדר ימין בגודל ותפקוד תקין , הרחבה בינונית של עליה שמאלית, אי ספיקה מיטרלית קלה-בינונית, אי ספיקה טריקוספידלית קשה, אלקטרודת קוצב בחדר ימין , לחץ דם ראתי מוגבר במידה קשה, לא הודגמו וגטציות על פני מסתמי הלב ועל פני הקוצב , לא הודגם טרומבוס בחללי הלב, לא הודגם PFO",1,0.16
ProcedureSummary,"חדר שמאל מורחב עם התכווצות גלובלית ירודה במידה בינונית, ישנה אקינזיה ודיסקינזיה אפיקלית נירחבת, מעורבות אחורית לטלרית והיפוקינזיה קידמית. חדר ימין שמור, מסתם אורטלי מעובה עם דלף מינימלי, מסתם מיטרלי עם דלף קל לבינוני, דלף מינימלי של טריקספיד, ניצפה PFO עם שנט משמאל לימין.",1,0.16
ProcedureSummary,"חדר שמאלי בגודל תקין,והתכווצות גלובלית מופחתת במידה קשה, ירידה גלובלית דיפוזית, אין פעילות מכנית בעליה השמאלית, חדר ימני מורחב והיפוקינטי קל, קוצב מימין, אי ספיקה טריקוספידלית בינונית, מיטרלית קלה ואורטלית מינימלית, עדות ליתר לחץ דם ריאתי קל, הגדלה של העליה השמאלית.",1,0.16
ProcedureSummary,"חדר שמאלי בגודל תקין, התכווצותו הגלובלית ואיזורית תקינה, תבנית מילוי דיאסטולי מתאימה להפרעה דרגה II ( פסוידונורמלית), חדר ימני בגודל והתכווצות תקינה, מסתם אורטלי מעט מסוידף, אי ספיקה אורטלית קלה, אי ספיקה מיטרלית בינונית, אי ספיקה טריקוספידלית קלה עד בינונית, לחץ דם ריאתי מוגבר במידה בינונית, הגדלה קלה של העליה השמאלית. וריד נבוב תחתון מורחב ולא עובר תמט נשימתי הולם ללא עדות לתפליט פריקרדיאלי ללא הרחבה של אורטה עולה או שורש האאורטה",1,0.16
ProcedureSummary,"הדמיה תת-אופטימלית. חדר שמאלי בגודל ותפקוד תקינים. עיבוי הדפנות בחדר שמאל. תבנית זרימה בדופלר פסאודונורמלית. חדר ימין בגודל ותפקוד תקינים. פרוזודר שמאלי מורחב. אנולוס מיטרלי ומסתם אאורטלי מעט מסוידים פתיחתם תקינה. עדות לנוזל פריקרדיאלי במידה קלה. IVC- מורחב -2.8ס""מ עם תגובה רספירטורית מופחתת. וגודש של הורידים ההפטיים.",1,0.16
ProcedureSummary,"חדר שמאל עם חלל בגודל תקין ,הספטום מעובה במידה קלה, תפקודו הסיסטולי הגלובלי של חדר שמאל תקין ללא הפרעה אזורית ,לא ניתן לקבוע תפקוד דיאסטולי, עליה שמאל מורחבת במידה קלה-בינונית, עליה ימין מורחבת חדר ימין בגודל תקין (לציין רושם שיש הרחבה של האנולוס הטריקוספידלי), תפקודו הסיסטולי הגלובלי מופחת במידה גבולית, ל""ד ריאתי מוערך מוגבר במידה קלה (תתכן תת הערכה בגלל סיגנל TR חלש) מסתם אאורטלי מסוייד קלות ללא דלף או הצרותדלף מיטראלי קל , מודגם דלף טריקוספידלי קל בלבד אולם לציין שיש היפוך זרימה סיסטולי ב",1,0.16
ProcedureSummary,"חדר שמאל בגודל תקין, תפקודו הגלובלי מופחתת במידה קלה עד בינונית בדומה לבדיקה קודמת, אקינזיה פוסטריורית, אינפריורית, חדר ימין מורחב מעט, תפקודו מופחת במידה קלה עד בינונית. עליות מורחבות במידה קלה. אי ספיקה מיטרלית מינימלית. אי ספיקה טריקוספידלית קלה. לחץ דם ריאתי מוגבר במדיה קלה,. הפרעה ברלקסציה של חדר שמאל עם לחצי מילוי גבוהים.",1,0.16
ProcedureSummary,"חדר שמאלי בגודל תקין, תפקודו הגלובלי תקין , היפוקינזיה אינפרובזאלית, חדר ימני בגודל תקין והתכווצות תקינה. מסתם אאורטלי מסוייד, פתיחתו תקינה. דליפה מיטרלית קלה. לא ניתן להעריך לחץ דם ריאתי בהעדר סיגנל TR. הגדלה קלה של העליה השמאלית.",1,0.16
ProcedureSummary,"חדר שמאל עם חלל בגודל תקין, היפרטרופי במידה קלה, תפקודו הסיסטולי הגלובלי שמור עם אקינזיה אחורית והיפוקינזיה לטראלית וקדמית התכווצות ערה של שאר הדפנות (ראה תרשים), תבנית המילוי הדיאסטולי מתאימה להפרעה ברלקסציה , עליה שמאל מורחבת במידה קלה חדר ימין בגודל תקין עם תפקוד סיסטולי שמור ,לא ניתן להעריך ל""ד ריאתי בהעדר סיגנל TR מסתם אאורטלי במבנה ותפקוד תקינים, מסתם מיטראלי מסוייד עם דלף מינימלי ללא הצרות, דלף טריקוספידלי מינימלי",1,0.16
ProcedureSummary,"חדר שמאל מורחב במידה קשה, תפקודו הגלובלי מופחת במידה קשה, אקינזיה ספטלית, אנטריורית ואפיקלית רחבה, היפוקינזיה של שאר הדפנות, חדר ימין מורחב במידה קלה, תפקודו הגלובלי תקין, הרחבה בינונית של עליה שמאלית, אי ספיקה מיטרלית וטריקוספידלית קלה, לחץ דם ראתי מוגבר במידה בינונית, אלקטרודת קוצב בחדר ימין .",1,0.16
ProcedureSummary,"בדיקת TEE בוצעה בשאלה של אנדוקרדיטיס. מסתם אאורטלי מעט מעובה עם דלף קל וללא ממצאים על פניו. מסתם מיטראלי לאחר תיקון ע""ש אלפיירי (טבעת וSTICH בין שני העלים) עם דלף בחומרה קשה משני גם למצב לאחר התיקון (יש דליפה קשה דרך שני הפתחים של המסתם ) וגם DEHISENCE חלקי באיזור הטבעת הקדמי , ממצאים שלמעשה ידועים ומודדמים כבר בTEE מ17/11/2014. אין וגצטיות ברורות על המסתם אם כי לציין מעט ממצאים מוביליים עדינים סביב הטבעת שמתאימים לתפרים. מסתם טריקוספידלי עם דלף בחומרה קשה (עקב אנולוס מורחב והעדר קואפטציה",1,0.16
ProcedureSummary,"פירפור פרוזדורים חדר שמאלי בגודל תקין התכווצות גלובלית ואיזורית תקינה, חדר ימני מורחב במידה קלה, התכווצות מופחתת במידה בינונית , אי ספיקה אורטלית ומיטרלית קלה, אי ספיקה טריקוספידלית קלה-בינונית, לחץ דם ריאתי מוגבר במידה קשה, העליה השמאלית תקינה עליה ימנית מורחבת, IVC מורחב ללא שינויים נשימתיים, נוזל פריקרדיאלי בכמות גדולה ללא סימני תמט של המדורים הימניים",1,0.16
ProcedureSummary,"בדיקה חלקית בוצעה בישיבה. הדמיה קשה טכנית מאד. רובה לא אבחנתית. במיגבלה זו, חדר שמאל עם התכווצות תקינה, חדר ימין התכווצות תקינה. הודגם תפליט פריקרידיאלי בינוני לגדול, קשה להערכה לגבי משמעות המודינמית. הודגם תפליט פלאורלי מימין.",1,0.16
ProcedureSummary,"חדר שמאל בגודל תקין, הפרטרופי, התכווצות גלובלית תקינה, תבנית המילוי פסאודונורמאלית, עליה שמאלית מורחבת במידה קלה, חללי הלב ימניים תקינים, מסתם אאואטלי מעובה, אי ספיקה מיטרלית וטריקוספידלית קלה, לחץ דם ריאתי מוגבר במידה קשה, נוזל פריקרדיאלי בכמות בינונית ללא שינוי מבדיקה קודמת מ-4.2013 , IVC מורחב ללא קולפס.",1,0.16
ProcedureSummary,"חדר שמאלי מורחב, התכווצותו הגלובלית ירודה במידה קשה, אקינזיה נרחבת, חדר ימני מורחב במידה קלה, התכווצות תקינה, TETHERING של עלי המסתם המיטרלי, אי ספיקה מיטרלית בינונית-קשה , אי ספיקה טריקוספידלית מינימלית, הגדלה בינונית של העליה השמאלית. הרחבה קלה של עליה הימנית, הודגמה אלקטרודת קוצב בחלל הלב הימני. IVC מורחב עם שינוי נשימתי חלקי",1,0.16
ProcedureSummary,בקורת דרגת הדלף הטריקוספידלי נראה שירדה בהשוואה לאקו קודם מ9/8/2021 וכעת נראה בחומרה בינונית עד קשה . לציין שהIVC עדיין מורחב ללא תמט נשימתי שאר ממצאי הבדיקה ללא שינוי מאקו קודם,1,0.16
ProcedureSummary,"קוטר חדר שמאל המתוקנן ל BSA הינו תקין, דפנותיו מעובים קל, התכווצות גלובלית ואזורית תקינה. בעקומת מילוי ליקוי קל בהרפיה, עליה שמאל מוגדלת קל. חדר ימני בגודל והתכווצות תקינה. מסתם אורטלי מסוייד, נייחות מוגבלת של עלה לא קורורני, זרימות דופלר תקינות דרכו. טבעת מסתם מטראלי מסויידת קל, דליפה מיטרלית וטריקוספידלית מינימלית. לא ניתן להעריך לחץ דם ריאתי עקב סגנל TR קלוש. IVC בקוטר ותמט נשימתי תקין כביטויי ללחץ וריד מרכזי לא מוגבר. תפליט פריקרדיאלי קטן ביותר, פס דקיק ביותר בצמוד לחדר ימין, אחורית לל",1,0.16
ProcedureSummary,"חדר שמאלי מורחב במידה קלה, דפנותיו מעובות, התכווצות גלובליתשמורה, חדר ימני מורחב, התכווצות ירודה במידה בינונית, מסתם אורטלי מסוייד ללא הצרות, אי ספיקה מיטרלית וטריקוספידלית קלה, לחץ דם ריאתי מוגבר במידה בינונית, הגדלה קלה של העליה השמאלית וימנית.IVC מורחב ללא שינוי נשימתי",1,0.16
ProcedureSummary,"חדר שמאל מורחב במידה קלה, תפקודו הגלובלי מופחת במידה קלה בינוינת בצורה דיפוזית, חדר ימין בגודל ותפקוד תקין, הרחבה של עליה שמאלית, אי ספיקה מיטרלית וטריקוספידלית מינימלית, לא הודגמה עקומת TR להערכת לחץ דם ראתי.",1,0.16
ProcedureSummary,"לב משותל, חדר שמאל בגודל תקין, התכווצותו הגלובלית תקינה, חדר ימין תקין, אי ספיקה מיטרלית קלה עד בינונית, אי ספיקה טריקוספידלית קלה עד בינונית, הודגמו אלקטרודות קוצב בלב ימני, לחץ דם ריאתי תקין",1,0.16
ProcedureSummary,"חולה עם LVAD RPM 6000 בדיקה באיכות טכנית ירודה ביותר. חדר שמאל מורחב עם תפקוד מופחת שקשה לאמוד אותו, לא ברור לי אם מסתם אורטלי ניפתח, דליפה אאורטלית קלה לבינונית. ללא מדידת זרימותב קנולות.",1,0.16
ProcedureSummary,"חדר שמאל בגודל תקין, התכווצותו הגלובלית תקינה. חדר ימין בגודל ותפקוד תקין. עליה שמאלית מורחבת במידה קלה. אי ספיקה מיטרלית קלה. אי ספיקה אורטלית מנימלית. אי ספיקה טריקוספדלית קלה. לחץ דם ריאתי תקין.",1,0.16
ProcedureSummary,"חדר שמאלי תקין בגודלו , תפקודו הגלובלי שמור. היפוקינזיה אינפריורית אחורית עם מעורבות ספטלית, חדר ימני מורחב והיפוקינטי, מסתם האורטלי מסויד , אי ספיקה האורטלית קלה. אי ספיקה מיטרלית קלה. אי ספיקה טריקוספידאלית בינונית-קשה לפחות, לחץ ריאתי מוגבר במידה קלה. לא ניתן להדגים מנח סבקוסטלי.",1,0.16
ProcedureSummary,"חדר שמאל מורחב, תפקודו הגלובלי מופחת במידה קשה, היפוקינזיה דיפוזית עם אקינזיה אנטריורית ואפיקלית, חדר ימן מורחב במידה קלה, תפקודו מופחת במידה קלה, הרחבה של עליה שמאלית וימנית, אי ספיקה אאורטלית קלה, אי ספיקה מיטרלית בינונית, אי ספיקה טריקוספידלית בינונית, IVC מורחב , לחץ דם ראתי מוגבר במידה קשה , אלקטרודת קוצב בחדר ימין",1,0.16
ProcedureSummary,לב מושתל. חדר שמאל בגבול עליון ברוחבו התכווצותו הגלובלית מופחתת במידה בינונית עד קשה באופן די דיפוזי (פחות בחלקים הבזלים). תבנית מילוי רסטרקטיבית (מושתל לב(?)). חדר ימין בגודל ותפקוד תקין. אי ספיקה טריקוספדלית מנימלית לחץ דם ריאתי מוגבר במידה קלה.,1,0.16
ProcedureSummary,"חדר שמאלי בגודל והתכווצות גלובלית ואיזורית תקינה, חדר ימני מורחב עם ירידה קלה בהתכווצות, מסתם אורטלי ראומטי מסוייד עם דלף קל, מסתם מיטרלי תותב מכני עם מםל מוגבר בדומה לבדיקה קודמת ודלף פאראולוורלי קל לבינוני לפחות, מסתם טריקספידלי לאחר תיקון עם דלף קשה, עדות ליתר לחץ דם ריאתי קשה, הגדלה קשה של העליה השמאלית. הגדלה של עליה ימנית.",1,0.16
ProcedureSummary,"בדיקת TEE להערכת התאמה לTRI-CLIP מודגם דלף טריקוספידלי קשה , משנית להרחבה של האנולוס יש הגבלה בתנועתיות של העלה הספטאלי עם OVER-RIDING של העלה האחורי ודלף טריקוספידלי קשה שיוצא בין העלה הספטאלי לעלה האחורי עם סילון הדלף קדמי (לכיוון המסתם האאורטלי) . המגע (קואפטציה) בין העלה הקדמי לספטאלי ובין העלה האחורי לקדמי נראה תקין וכאמור עיקר הדלף בשל העדר מגע בין עלה אחורי לעלה ספטאלי (באספקט הפוסטריורי שלו) . מסתם אאורטלי תלת עלי מעובה עם ממצא מובילי קטן צמוד לעלה הלא קורונרי (באורך כ8 מ""מ) יכול להת",1,0.16
ProcedureSummary,"חדר שמאל מורחב התכווצותו הגלובלית מופחתת במידה בינונית (ראה פיזור איזורי). חדר ימין בגודל ותפקוד תקין .עליה שמאלית מורחבת במידה בינונית, מסתם אורטלי מעט מסויד עם התרחבות קלה של הסינוסים ודלף במידה קלה. אי ספיקה מיטרלית קלה אי ספיקה טריקוספדלית קלה לחץ דם ריאתי מוגבר במידה בינונית. עליה שמאלית מורחבת.",1,0.16
ProcedureSummary,"עליה שמאלתי מורחבת. חדר ימין תקין. חדר שמאל מעט מורחב, היפרטרופי עם תפקוןד גלבולי שמור. אקינזיה אינפרו בזלךית. אס""ק מיטרלית קלה עד בינונית. אס""ק טריקוספידלית קלה. יל""ד ריאתי קשה. תבנית מילוי פסוידו נורמלית.",1,0.16
ProcedureSummary,"חדר שמאלי מורחב והתכווצות גלובלית מופחתת במידה קשה (ראה פיזור אזורי), תבנית המילוי רסטריקיבית, חדר ימני בגודל תקין והתכווצות שמורה, אי ספיקה מיטרלית בינונית וטריקוספידלית קלה, אעדות ליתר לחץ דם ריאתי ניכר, הגדלה של העליה השמאלית והימנית. בהערכת סינכרוניזציה בינחדרית לא נמצא פערבין החדרים, בהערכת סינכרונזציה חדרית (12 סגמנטים) נמצאה סטיית תקן של 18 משנ, הפער בין המחיצה והלטרלית 25 משנ, המאחרת ביותר היא הדופן האינפריורית.",1,0.16
ProcedureSummary,"חדר שמאלי בגודל והתכווצות גלובלית ואיזורית תקינה. חדר ימני בגודל והתכווצות תקינה. מסתם אורטלי מסוייד, חוסר התאמה בין חישוב שטח למפל לחצים, היצרות ככל הניראה קלה לבינונית, אי ספיקה קלה, אנולוס מיטרלי מסוייד, אי ספיקה מיטרלית בינונית, אי ספיקה טריקוספידלית קלה. לחץ דם ריאתי מוגבר במידה בינונית. הגדלה בינונית של העליה השמאלית. יכול להתאים ללחצי מילוי גבוהים של חדר שמאל, הודגם תפליט פריקרדיאלי בכמות קלה עד בינונית ללא סימני לחץ על חדר ימין. הודגם תפליט פלאורלי דו צדדי.",1,0.16
ProcedureSummary,"חדר שמאלי מורחב. הודגמה אקינזיה אפיקלית רחבה, היפוקינזיה אינפריורית, ההתכווצות מופחתת במידה קשה. החדר הימני נראה בגודל תקין עם תפקוד שמור. אלקטרודת קוצב. הפרוזדור ימני מורחב. מסתם אאורטלי מסוייד, ללא הצרות. אי ספיקה מיטרלית קלה בינונית. אי ספיקה טריקוספידלית קלה. לחץ ריאתי מוגבר במידה קלה. לא נמצא נוזל פריקרדיאלי.",1,0.16
ProcedureSummary,"חדר שמאל תקין בגודלו ותיפקודו, חדר ימין מורחב והיפוקינטי, דחיקה של המחיצה הבינחדרית, עליות מורחבות, אי ספיקה אורטלית מינימלית מטרלית קלה וטריקוספידלית בינונית עד קשה, לחץ ריאתי מוגבר במידה קשה, IVC מורחב ללא תמת, הודגמה מיימת.",1,0.16
ProcedureSummary,"חדר שמאלי מורחב עם התכווצות גלובלית ירודה במידה קשה אקינזיה קידמית אפיקלית לטרלית אחורית ותחתונה, חדר ימין תקין, תבנית המילוי פסאודונורמלית, דליפה מיטרלית וטריקספידלית קלה, עדות ליתר לחץ דם ריאתי קשה, הגדלה בינונית של העליה השמאלית. ניצפה אלקטרודת קוצב בחללים ימניים.",1,0.16
ProcedureSummary,"חדר שמרל תקין בגודלו התכווצותו הגלובלית ירודה במידה קלה עד בינונית, אקינזיה אינפריורית בזלית, פוסטריורית לטרלית ואפיקלית התכווצות ערה של השאר. , חדר ימין תקין בגודלו ותיפקודו, אי ספיקה אורטלית קלה אס""ק מיטרלית אס""ק טריקוספידלית קלה עד בינונית לחץ ראיתי מוגבר במידה קשה, הודגם PFO,",1,0.16
ProcedureSummary,"איכות הדמיה מוגבלת (בעיקר מחלון פרא-סטרנאלי) חדר שמאל בגודל תקין,תפקודו הסיסטולי הגלובלי מופחת במידה קלה (מקטע פליטה מוערך בין 45%-50%) באופן דיפוזי, לא ניתן לקבוע תפקוד דיאסטולי, עליות בגודל תקין חדר ימין בגודל ותפקוד תקינים ,לא ניתן להעריך ל""ד ריאתי בהעדר סיגנל TR מסתם אאורטלי לא הודגם היטב (לא ניתן לקבוע מ""ס עלים) ללא דלף או הצרות, דלף מיטראלי וטריקוספידלי מינימלי. אלקטרודות קוצב בחללים הימניים",1,0.16
ProcedureSummary,"חדר שמאלי בגודל והתכווצות גלובלית ואיזורית תקינה. חדר ימין מורחב במעט עם ירידה בינונית עד קשה בתיפקודו. מסתם אורטלי מעובה עם דליפה קלה. מסתם מיטרלי תותב מכני עם מפל מעט מוגבר בדומה לבדיקה קודמת. דלף פאראולוולר בינוני שתואר כבר בעבר. מסתם טריקספידלי תותב ביולוגי עם מפל מעט מוגבר, דליפה קלה אינטראולוולרית ודליפה קלה עד בינונית פאראוולוולרית ספטלית מאוד אקסנטרית. ניצפתה גם בעבר. עדות ליתר לחץ דם ריאתי קשה, הגדלה קשה של העליה השמאלית. ניצפה ממצא מוארך מובילי באורך של 1.1 ס""מ בספטום הבינעלייתי טיבו ל",1,0.16
ProcedureSummary,"חדר שמאל בגודל תקין, דפנותיו מעובות, תפקודו הסיסטולי הגלובלי תקין. לא ניתן להעריך תפקו דיאסטולי. עליות מורחבות. חדר ימין בגודל ותפקוד תקינים. עלי מסתם אאורטלי מעובים, ללא הפרעה בתפקוד המסתם. אי ספיקה מיטרלית וטריקוספידלית קלה עד בינונית. נימדד יתר לחץ דם ריאתי מוגבר במידה בינונית. הודגמה אלקטרודת קוצב מימין.",1,0.16
ProcedureSummary,"עליה שמאלית מורחבת חדר ימין תקין. חדר שמאל ברוחב תקין עם תפקוד גלובלי ואזורי תקין. הספטום מעובה. הבסתיידות קלה של הטבעת המיטרלית ושל המסתם האאורטלי. אס""ק מיטרלית מינימלית. אס""ק אאורטלית מינימלית. אס""ק טריקוספידלית מינימלית. לחץ ריאתי מוגבר במדיה קלה. תבנית מילוי פסוידו תקינה.",1,0.16
ProcedureSummary,"חדר שמאלי מורחב, ספטום היפרטרופי, התכווצותו הגלובלית מופחתת במידה קלה, אקינזיה תחתונה ואינפרולטראלית עם אנאוריזמה אינפרובזאלית. הפרעה דיאסטולית דרגה 2. עליות מורחבות. חדר ימני בגודל והתכווצות תקינה. אי ספיקה אורטלית מינימלית, אי ספיקה מיטרלית קלה, אי ספיקה טריקוספידלית מינימלית. לא ניתן להעריך לחץ דם ריאתי ללא עקומת TR.",1,0.16
ProcedureSummary,"חדר שמאלי בגודל והתכווצות גלובלית ואיזורית תקינה, הפרטרופיה ספטלית. חדר ימני בגודל והתכווצות תקינה. עליה שמאלית מוגדלת. מסתם אורטלי עם עלים מסוידים ופתיחה מוגגבלת, הצרות קשה ואי ספיקה קלה. אי ספיקה מיטרלית טריויאלית. אי ספיקה טריקוספידלית קלה-בינונית. לחץ דם ראתי מוגבר. נוזל פריקרדיאלי בכמות קטנה.",1,0.16
ProcedureSummary,"חדר שמאלי מורחב במידה קלה, התכווצותו הגלובלית מופחתת במידה קשה, אקיניזה אינפריורית אחורית לטרלית, היפוקינזיה קשה של שאר הדפנות, תבנית המילוי רסטרקטיבית, חדר ימני מורחב התכווצותו מופחתת במידה בינונית, אי ספיקה מיטרלית קלה-בינונית, אי ספיקה טריקוספידלית קשה, לחץ דם ריאתי מוגבר במידה קשה, הגדלה קלה של העליה השמאלית, הגדלה של העליה הימנית. הודגמה אלקטרודת קוצב בחללים הימניים.",1,0.16
ProcedureSummary,"מטופל בפרפור במהלך הבדיקה.איכות הדמיה מוגבלת עם וריאביליות בולטת בהתכווצות בין הפעימות (מקשה על הערכת תפקוד סיסטולי). חדר שמאל בגודל תקין, היפרטרופי במידה קלה, תפקודו הסיסטולי הגלובלי שמור (לציין בחלק מהפעימות התכווצות ירודה ובחלק תקינה) , לא ניתן לקבוע תפקוד דיאסטולי, עליה שמאל מורחבת במידה בינונית. חדר ימין מורחב עם תפקוד סיסטולי ירוד במידה קשה (בהסתייגות שלא מודגם היטב),לא ניתן להעריך ל""ד ריאתי בהעדר סיגנל TR מספק. מסתם אאורטלי מסוייד עם דלף מינימלי ללא הצרות, דלף מיטראלי וטריקוספידלי ק",1,0.16
ProcedureSummary,"חדר שמאל בגודל והתכווצות גלובלית ואיזורית תקינה. חדר ימני מעט מוגדל עם התכווצות תקינה. עליה שמאל מעט מוגדלת. תותב ביולוגי בעמדה אורטלית עם תפקוד תקין, אי ספיקה קלה פרוולוולרית. מסתם מיטרלי עם טבעת מעט מסוידת, מפל לחצים מוגבר במידה קלה ואי ספיקה קלה. אי ספיקה טריקוספידלית קלה. לחץ דם ראתי מעט מוגבר. הרחבה של אורטה עולה",1,0.16
ProcedureSummary,"חדר שמאל בגודל תקין, היפרטרופיה קלה של הספטום, התכווצותו הגלובלית והאיזורית תקינה. חדר ימין בגודל ותפקוד תקינים. עליות בגודל תקין. מסתם אאורטלי מסוייד, טבעת המסתם מיטרלית מסויידת. לא נרארו וגטציות בטכניקה זו. אי ספיקה מיטרלית מינימלית, אי ספיקה טריקוספידלית מינימלית, לחץ דם ריאתי 41 בממ""כ מוגבר במידה קלה. תפקוד דיאסטולי תקין.",1,0.16
ProcedureSummary,"בפרפור עליות, מונשם, בבידוד, חדר שמאלי מורחב במידה קלה והתכווצותו גלובלית ירודה במידה בינונית, חדר ימני מורחב, תפקודו ירוד במידה בינונית, אי ספיקה מיטרלית וטריקוספידלית בינונית, לחץ דם ריאתי מוגבר במידה בינונית, עליות מורחבות.",1,0.16
ProcedureSummary,"חדר שמאלי מורחב במידה קשה, ההתכווצותו גלובלית ירודה במידה קשה, חדר ימין מורחב עם ירידה קלה בתיפקודו, אקינזיה אפיקלית, מסתם אורטלי תותב- מכני, עם תיפקוד שמור, מסתם מיטרלי תותב- מכני, מפל תקין על פניו, אי ספיקה טריקוספדלית קלה לבינונית, לחץ דם ריאתי מוגבר במידה בינונית, העליה השמאלית מורחבת במידה קשה. הרחבה של עליה ימין, IVC מורחבת ללא שינויים נשימתיים.",1,0.16
ProcedureSummary,"חדר שמאל מורחב במידה קלה, ספטום מעובה , תפקודו הגלובלי תקין, היפוקינזיה ספטואפיקלית, תבנית המילוי פסאודונורמאלית, חדר ימין בגודל ותפקוד תקין. עליה שמאלית מורחבת במידה קלה. דלף מיטרלי קל. דלף טריקוספיד מינימילי.לחץ דם ריאתי מוערך כתקין.",1,0.16
ProcedureSummary,"חדר שמאלי קתין בגודלו , דפנותיו מעובים במידה קלה, תפקוד גלובלי ואזורי תקין, ללא הפרעה אזורית בולטת. חדר ימני תקין בגודלו ובתפקודו, עדות לאלקטרדוה של קוצב בחללי הלב הימניים. טבעת מסתם מיטרלי מסוידת, עלים מעט מסוידים, פתיחה תקינה. אי ספיקה מטרלית בינונית. אי ספיקה טרקיוספידאלית קלה לבינונית. מסתם אורטלי מעובה ומסוייד היצרות קלה לבינונית. לחץ ריאתי מוגבר במידה קשה. עליה שמאל מורחבת במידה קלה, יכול להתאים ללחצי מילוי גבוהיים, IVC מורחב, תגובתו לנשימה ירודה, עליה ימין מורחבת.",1,0.16
ProcedureSummary,חדר שמאלי בגודל תקין עם התכווצות גלובלית מופחתת במידה בינונית-קשה . חדר ימני בגודל תקין עם התכווצות ירודה. עליות מוגדלות. אי ספיקה מיטרלית קלה-בינונית. אי ספיקה טריקוספידלית קלה-בינונית. תותב ביולוגי אורטלי עם דלף קל. ללא קרישי דם באוזנית עליה שמאלית,1,0.16
ProcedureSummary,"חדר שמאל מורחב במידה קלה, היפרטרופי, תפקודו ירוד במידה בינונית עם הפרעה דיפוזית, קשה יותר אינפרופוסטריורית. עקומת מילוי פסוידונורמלית. חדר ימין לא מורחב, תפקודו שמור. פרוזדורים מורחבים במידה קלה. מסתם אאורטלי וטבעת מסתם מיטרלי מסויידים. דליפה מיטרלית קלה עד בינונית, טריקוספידלית מינימלית לחץ ראתי מוגבר במידה קלה. הודגם קוצב בחללים הימניים.",1,0.16
ProcedureSummary,"חדר שמאל בגודל תקין, התכווצותו הגלובלית והאיזורית תקינה, תבנית המילוי מדגימה הפרעה ברלקסציה. חדר ימין בגודל והתכווצות תקינה. מבנה ותפקוד המסתמים תקין,לא ניתן להעריך לחץ דם ריאתי, ללא הגדלה של העליה השמאלית. הודגם נוזל פריקרדיאלי בכמות קטנה.",1,0.16
ProcedureSummary,"חדר שמאלי בגודל תקין עם היפרטרופיה ועיבוי קל של הספטום,ההתכווצותו הגלובלית והאיזורית תקינה. תבנית המלוי פסאודונורמלית (הפרעה דיאסטולית דרגה II ) . עליה שמאל מורחבת במידה קלה. חדר ימין בגודל ותפקוד תקינים, לא ניתן להעריך ל""ד ריאתי בהעדר סיגנל TR מסתם אאורטלי במבנה ותפקוד תקינים, דלף מיטראלי קל ודלף טריקוספידלי מינמלי.",1,0.16
ProcedureSummary,"חדר שמאל בגודל תקין ,תפקודו הסיסטולי הגלובלי ירוד במידה קשה באופו דיפוזי עם וריאביליות אזורית מסויימת (האפקס , קיר תחתון , קיר אחורי, וקיר אנטריורי אמצעי אקינטיים השאר היפוקינטי-ראה תרשים), לא ניתן לקבוע תפקוד דיאסטולי, עליה שמאל מורחבת במידה קלה חדר ימין בגודל תקין עם תפקוד סיסטולי ירוד במידה בינונית , לא ניתן להעריך ל""ד ריאתי בהעדר סיגנל TR מספק מסתם אאורטלי מסוייד קלות ללא דלף או הצרות, דלף מיטראלי קל ודלף טריקוספידלי מינימלי",1,0.16
ProcedureSummary,"עליה שמאלית מורחבת. חדר ימין תקין. חדר שמאל היפרטרופי עם תפקוד גלובלי תקין. מסתם אורטלי מעט מסויד. אס""ק מיטרלית מינימלית. אס""ק טריקוספידלית מינימלית. יל""ד ריאתי קשה. הפרעה ברלקסציה.",1,0.16
ProcedureSummary,"חדר שמאל תקין בגודלו , דופנותיו תקינים בעובים, תפקוד גלובלי ואזורי תקין. חדר ימני אינו מוחרב, תפקודו נראה שמור. טבעת מסתם מיטרלי מסוידת, פתיחה תקינה, אי ספיקה מיטרלית קלה-בינונית. אי ספיקה אורטלית מינימלית. אי ספיקה טריקוספיאדלית קלה-בינונית. לחץ ריאתי מוגבר במידה קשה. עליות מורחבות במידה קלה.",1,0.16
ProcedureSummary,"חדר שמאל מורחב במידה קלה, היפרטרופי, תפקודו הגלובלי ואזורי תקין. חדר ימין בגודל ובתפקוד תקין. המסתם האאורטלי מעובה עם דליפה קלה. האנולוס המיטרלי מעט מסוייד, דליפה מיטרלית קלה-בינונית. דליפה טריקוספידלית קלה, עדות ליתר לחץ דם ריאתי בחומרה קלה עליות מורחבות. תפליט פלאורלי מימין( חשד)",1,0.16
ProcedureSummary,חדר שמאל בגודל תקין התכוצותו הגלובלית תקינה. הספטום הבזלי מעובה. חדר ימין בגודל ותפקוד תקין. תבנית מילוי פסוידו- תקינה.עליה שמאלית מורחבת.מסתם אורטלי מסויד. אי ספיקה מיטרלית מנימלית.וטריקוספדלית קלה לחץ דם ריאתי מוגבר במידה קלה.,1,0.16
ProcedureSummary,"ביקה קשה טכנית חדר שמאלי בגודל תקין, דפנותיו מעט מעובות, התכווצותו הגלובלית מופחתת במידה קלה , אקינזיה אחורית, אינפריורית. עליות מורחבות. חדר ימני בגודל והתכווצות תקינה. אי ספיקה מיטרלית משמעותית (קושי טכני בהערכה). אי ספיקה טריקוספידלית קלה עד בינונית. לחץ דם ריאתי מוגבר במידה קלה.",1,0.16
ProcedureSummary,"חדר שמאל בגודל ותפקוד תקין. מסתם אורטאלי מסויד ללא היצרות. חדר ימין מוגדל , היפרטרופי עם תפקוד ירוד. דחיקה של הספטום בעיקר בסיסטולה לכיוון שמאל כביטוי לעומס לחץ על חדר ימין. יתר לחץ דם ריאתי קשה ללא היצרות או דלף דרך המסתם הריאתי. אי ספיקה טריקוספידלית קשה.",1,0.16
ProcedureSummary,"חדר שמאל בגבול הנורמה, תפקוד גלובלי בגדר עליון של הנורמה, היפרטרופיה קונצנטרית קלה 15/12 מ""מ. הפרעה ברלקסציה עם יחס מוגבר ב TDI ופרוזדורים מורחבים - השמאלי במידה בינונית והימני במידה קלה - מתאים להפרעה דיאסטולית בינונית. חדר ימין בגדל ותפקוד תקין. מסתם אאורטלי תלת עלי מסויד קל ומוצר במידה קלה עד בינונית AVA-1.5 סמ""ר עם דלף מינמלי. אי ספיקה מטרלית בינונית אקסנטרית לטרלית וטריקוספידלית קלה-בינונית. לחץ ריאתי 63 ממ""כ מוגבר במידה קשה. עדות לנוזל פריקרדיאלי במידה קלה ללא סימני לחץ.",1,0.16
ProcedureSummary,"בדיקה חלקית, קשה מאוד טכנית, בוצעה בישיבה. חדר שמאל בגודל תקין, היפרטרופי, התכווצותו הגלובלית תקינה ללא הפרעה אזורית בולטת, מסתם אורטלי מסוייד, טבעת המסתם מיטרלית מסויידת, ללא דלף מיטרלי משמעותי, לא ניתן לקבוע לחץ דם ריאתי בשל העדר סיגנל TR.",1,0.16
ProcedureSummary,"חדר שמאל מורחב במידה קלה, היפרטרופיה קלה, תפקודו הגלובלי מופחת במידה קשה , אקינזיה ספטלית אנטריורית ואפיקלית רחבה, היפוקינזיה של שאר הדפנות, תבנית המילוי רסטרקטיבית, חדר ימין מורחב במידה בינונית, תפקודו מופחת במידה בינונית, הרחבה של עליה שמאלית וימנית, אי ספיקה אאורטלית מינימלית, אי ספיקה מיטרלית קלה, אי ספיקה טריקוספידלית קלה-בינונית, לחץ דם ראתי מוגבר במידה קשה, אלקטרודת קוצב בחדר ימין",1,0.16
ProcedureSummary,"חדר שמאלי עם חלל קטן, התכווצותו הגלובלית היפרדינמית, הודגם מפל מידוטריקולרי של עד 80 ממ""כ בולסלווה, חדר ימני בגודל והתכווצות תקינה, מסתם אאורטלי מסויד, אי ספיקה מיטרלית מינימלית, אי ספיקה טריקוספידלית קלה, אין עדות ליתר לחץ דם ריאתי, הגדלה קלה של העליה השמאלית. הודגם נוזל פריקרדיאלי בכמות גדולה ללא סימנים של לחץ על חדר ימני, IVC מורחב ללא תמט נשימתי.",1,0.16
ProcedureSummary,"עליה שמאלית מורחבת. חדר ימין היפוקינטי בינונית. חדר שמאל מורחב עם תפקוד גלובלי ירוד במדיה קשה , ירידה דיפוזית. מסתם אורטלי מעט מסויד עם דלף מיזערי. טבעת מיטרלית מאוד מסויידת, אס""ק מיטרלית קלה עד ביונית. אס""ק טריקוספידלית קשה לחץ ריאתי מוגבר במדיה בינונית עד קשה. תבנית מילוי פסוידו-תקינה. נוזל פלוירלי מימין.",1,0.16
ProcedureSummary,"חדר שמאל מורחב, היפרטרופי, התכווצות גלובלית ואיזורית שמור, מסתם אאורטלי מסוייד עם הצרות קלה על פניו, אנולוס מיטרלי מסוייד, אי ספיקה מיטרלית קלה, אי ספיקה טריקוספידלית מינימלית, לחץ דם ריאתי מוגבר במידה בינונית, העליה השמאלית מוגדלת במידה קלה. יכול להתאים ללחצי מילוי גבוהים.",1,0.16
ProcedureSummary,"חדר שמאל בגודל תקין עם ירידה קלה עד בינונית בתפקוד הסיסטולי (ראה פיזור אזורי). הפרעה דיאסטולית דרגה 1. חדר ימין בגודל ותפקוד תקינים. עליה שמאל מורחבת. עלי מסתם אאורטלי מסויידים, ללא הפרעה בתפקודו. טבעת מסתם מיטראלי מסויידת, דרך המסתם אי ספיקה מזערית. אי ספיקה טריקוספידלית מזערית. לא נימדד יתר לחץ דם ריאתי.",1,0.16
ProcedureSummary,"חדר שמאלי בגודל תקין והתכווצות גלובלית שמורה, חדר ימני בגודל והתכווצות תקינה, דלף מיטרלי קל, דלף טריקוספידלי קל, לחץ דם ריאתי מוגבר במידה בינונית, הגדלה של העליה השמאלית. ממצא אקוגני בקוטר 1 ס""מ כדורי במוצא חדר שמאל להמשך בירור באקו דרך הושט.",1,0.16
ProcedureSummary,"חדר שמאל תקין בגודלו , דפנותיו מעובים, ירידה בינונית לקשה בתיפקודו, אקינזיה אפיקלית ספטלית נירחבת, חדר ימין מורחב עם ירידה בינונית בתיפקודו, עליה שמאלית וימנית מורחבת, בעמדה אורטלית מסתם תותב עם תיפקוד שמור, עלי מסתם מיטרלי ואנולוס מסויידים פתיחתם מוגבלת במידה קלה, אי ספיקה מיטרלית וטריקוספידלית קלה, לחץ ריאתי מוגבר במידה בינונית, IVC מורחב ללא תמת.",1,0.16
ProcedureSummary,"הרחבה קלה של האורט העולה. עליה שמאלית מורחבת. חדר ימין היפוקינטי קל. חדר שמאל מורחב עם תפקוד גלובלי ירוד במדיה קשה. אקינזיה אחורית, ספטלית, אינפריורית, לטרלית, היפוקיזניה דיפוזית קשה. הסתיידות קלה של הטבעת המיטרלית. דלף מיטרלי קל. אס""ק טריקוספידלית קל. יל""ד ריאתי ביוני. נוזל פריקרדיאלי קטן עד בינוני. נוזל פלוירלי דו צדדי. תבנית מילוי פסוידו נורמלית.",1,0.16
ProcedureSummary,"חדר שמאל בגודל תקין,תפקודו הסיסטולי ירוד במידה קשה עם אקינזיה אפיקלית נרחבת, ספטאלית וקדמית. תבנית המילוי הדיאסטולי רסטרקטיבית, עליות מורחבות במידה קלה חדר ימין בגודל תקין עם תפקוד סיסטולי ירוד במידה קשה, ל""ד ריאתי מוערך מוגבר במידה בינונית (תתכן תת הערכה בשל סיגנל TR חלש) מסתם אאורטלי מסוייד ללא דלף או הצרות, אנולוס מיטראלי מסוייד במידה קשה ללא הצרות,דלף מיטראלי וטריקוספידלי קל.",1,0.16
ProcedureSummary,"חדר שמאלי בגודל תקין, התכווצות גלובלית שמורה, אקינזיה אינפרו-פוסטרו-בזלית , היפוקינזיה לטרלית. תבנית המילוי מתאימה להפרעה ברלקסציה, מסתם אאורטלי מסוייד, הודגמה הצרות בינונית-קשה של המסתם האאורטלי (יחס VTI של 1:4 - בהחמרה לבדיקה קודמת ב-2013), אי ספיקה אאורטלית קלה, אנולוס מיטרלי מסוייד , אי ספיקה מיטרלית מינימלית, אי ספיקה טריקוספידלית קלה, לחץ דם ריאתי מוגבר במידה בינונית, העליה השמאלית מוגדלת במידה קלה.",1,0.16
ProcedureSummary,"קצב לרוב סדיר, מידי פעם לא סדיר. קרוב קיצוב חדרי, יש לשקול אפשרות לקיום של פרפור פרוזדורים היות ולא רואים גל P. חדר שמאלי בגודל תקין, דפנותיו אינם מעובים, קושי להעריך התכווצות גלובלית בגלל קצב לא סדיר, התכווצות חדר שמאל נעה בפעימות שונות בין יריד במידה קשה לבין תקין, בממוצע: ירידה בינונית. ללא הבדל ניכר בין סגמנטים שונים. חדר ימין לא מורחב, ה כווצותו מופחתת קל. שתי העליות מורחבות בינונית. מסתם אורטלי מסויד קלות פתיחתו טובה, דלף מינימלי, מסתם מיטרלי לאחר תיקון עם MITRAL CLIP עם מפל לחצי",1,0.16
ProcedureSummary,"חדר שמאל ברוחב תקין, היפרטרופי, תפקודו הגלובלי והאיזורי תקין. חדר ימין בגודל ובתפקוד תקין. המסתם האאורטלי מסוייד במידה קשה, דליפה אאורטלית מינימלית. המסתם המיטרלי מסוייד קלות, פתיחתו תקינה עם דליפה קלה-בינונית. דליפה טריקוספידלית קלה עם עדות ליתר לחץ דם ריאתי בחומרה בינונית. עליות מורחבות במידה קלה. תפליט פלאורלי מימין.",1,0.16
ProcedureSummary,"עליה שמאלית מורחבת. חדר ימין תקין. חדר שמאל ברוחב תקין עם תפקוד גלובלי תקין. מסתם אאורטלי תותב ביולוגי עם תפקוד תקין . טבעת מיטרלית מעט מסויידת. דלף מיטרלי קל. אס""ק טריקוספידלית מינימלית. לחץ ריאתי מוגבר במידה קלה.",1,0.16
ProcedureSummary,"חדר שמאלי בגודל והתכווצות גלובלית ואיזורית תקינה, תבנית המילוי פסאודונורמלית, חדר ימני בגודל והתכווצות תקינה, מסתם אורטלי מסוייד, ללא הצרות, אי ספיקה מיטרלית מינימלית, אי ספיקה טריקוספידלית קלה, לחץ דם ריאתי מוגבר במידה קלה, הגדלה קלה של העליה השמאלית. הודגם תפליט פריקרדיאלי בכמות קלה.",1,0.16
ProcedureSummary,"חדר שמאל מוגדל עם התכווצות גלובלית ואיזורית מופחתת במידה בינונית-קשה, תבנית מילוי פסידונורמלית. חדר ימני בגודל תקין עם התכווצות שמורה. עליה שמאלית מוגדלת. מסתם אורטלי עם עלים מסוידים, מפל מעט מוגבר ואי ספיקה קלה. אי ספיקה מיטרלית קלה. אי ספיקה טריקוספידלית קלה. וריד נבוב תחתון רחב עם הענות מופחתת. לחץ דם ראתי מוגבר במידה בינונית-קשה.",1,0.16
ProcedureSummary,"חדר שמאלי מורחב במידה קלה, ספטום מעט מעובה, התכווצות גלובלית ירודה במידה קלה, ראה הפרעה איזורית, מתאים למחלה רב כילית, חדר ימני בגודל והתכווצות תקינה, אי ספיקה אורטלית מינימלית, אי ספיקה מיטרלית קלה עד בינונית, אי ספיקה טריקוספדלית קלה עד בינונית, לחץ דם ריאתי מוגבר במידה בינונית, הגדלה של העליה השמאלית. הודגם תפליט פלאורלי דו צדדי. הודגם תפליט פיריקרדיאלי קטן.",1,0.16
ProcedureSummary,"חדר שמאלי תקין בגודלו , דופנותיו תקינים בעובים, תפקוד גלובלי ואזורי שמור. התכווצות אסיכרונית. חדר ימין תקין, מסתם אורטלי מעובה, דליפה מינימלית של מסתם אורטלי, אי ספיקה מיטרלית קלה. אי ספיקה טריקוספידאלית מינימלית. לחץ ריאתי מוגבר במידה קלה. עליה שמאלית מורחבת במידה קלה. יכול להתאים ללחצי מילוי גבוהים של חדר שמאל.",1,0.16
ProcedureSummary,"חדר שמאלי בגודל תקין, ספטום היפרטרופי במידה קלה, התכווצות גלובלית ואיזורית תקינה, חדר ימני בגודל והתכווצות תקינה, מסתם אורטלי מסוייד ללא הצרות, אי ספיקה מינימלית, אי ספיקה מיטרלית קלה עד בינונית, אי ספיקה טריקוספידלית בינונית-קשה, לחץ דם ריאתי מוגבר במידה בינונית, הגדלה קלה של העליה השמאלית.",1,0.16
ProcedureSummary,"חדר שמאלי בגודל תקין התכווצות גלובלית ומופחתת במידה בינונית, ירידה גלובלית די דיפוזית, תבנית המילוי רסטריקטיבית, חדר ימני בגודל והתכווצות תקינה, עיבוי עלי המסתם האאורטלי , עיבוי טבעת מסתם המיטרלי עם דלף במידה קל עד בינוני , לא נמצא סיגנל דופלר להערכת לחץ דם ריאתי, עליות תקינות .",1,0.16
ProcedureSummary,"חדר שמאלי בגודל תקין, ספטום מעובה במידה קלה, תפקודו הגלובלי הסיסטולי תקין ללא הפרעה אזורית בולטת. תבנית מילוי דיאסטולי מתאימה להפרעה דרגה II ( פסוידונורמלית). חדר ימין בגודל ותפקוד תקינים. עליה שמאלית מורחבת במידה בינונית עליה ימין מורחבת מסתם אאורטלי מסוייד דרכו דלף קל , ללא הצרות מסתם מטרלי עם טבעת מסויידת עם דלף קל מסתם טריקוספידלי עם דלף קל לחץ דם ראתי סיסטולי מוערך כמוגבר במידה קלה וריב נבוב תחתון אינו מורחב ועובר תמט נשימתי הולם ללא תפליט פריקרדיאלי הרחבה קלה",1,0.16
ProcedureSummary,חדר שמאל בגודל תקין התכוצותו הגלובלית מופחתת במידה קלה עד בינונית . אקיזניה פוסטרו לטרלית עם מערבות אפיקלית. חדר ימין בגודל תקין עם תפקוד מופחת במידה קלה עליה שמאלית מורחבת במידה קלה אי ספיקה מיטרלית בינונית. אי ספיקה אורטלית מנימלית.אי ספיקה טריקוספדלית קלה. לחץ דם ריאתי מוגבר במידה קשה. IVC מורחב ללא קולפס נשימתי. נוזל פלוירלי דו צדדי. יחס E/E' מתאים ללחצי מילוי מוגברים משמאל.,1,0.16
ProcedureSummary,"בדיקה קשה טכנית. חדר שמאל מורחב במידה קלה, תפקודו הגלובלי שמור ללא הפרעה איזורית ברורה, חדר ימין מורחב, תפקודו מופחת, סינוסי האאורטה מורחבים. המסתם האאורטלי מסוייד, האנולוס המיטרלי מסוייד, עלי המסתם מעובים עם דליפה קלה. מסתם טריקוספידלי לאחר תיקון עם דליפה מינימלית, עדות ליתר לחץ דם ריאתי בחומרה בינונית. עליות מורחבות.",1,0.16
ProcedureSummary,"חדר שמאל עם חלל בגודל תקין ,היפרטרופי, תפקודו הסיסטולי הגלובלי תקין (אף מעט ער) ללא הפרעה אזורית, לא ניתן לקבוע תפקוד דיאסטולי, עליות מורחבות במידה קשה. חדר ימין מעט מורחב עם תפקוד סיסטולי תקין, ל""ד ריאתי מוערך מוגבר במידה קשה מסתם אאורטלי מסוייד עם הצרות בינונית עד קשה (בעיקר לאור BSA מאוד נמוך עם יחס VTI ומפל לחצים שמתאים להצרות בינונית) , ללא דלף אאורטלי, אנולוס מיטראלי מסוייד במידה קשה עם מפל לחצים דיאסטולי מעט מוגבר על פניו, דלף מיטראלי עד קשה , דלף טריקוספידלי קשה.",1,0.16
ProcedureSummary,"הדמיה קשה מאד טכנית. חדר שמאלי תקין בגודלו, דופנותיו מעובים תפקוד גלובלי ואזורי מופחת במידה בינונית, אקינזיה ספטלית ואפיקלית תבנית מילוי מתאימה להפרעה ברלקסציה של חדר שמאלי. חדר ימין בגודל ותפקוד תקין, מסתם אאורטלי מסויד, מסתם מיטרלי מעובה, פתיחה תקינה, אי ספיקה מיטרלית קלה. אי ספיקה טרקיוספידלית מינימלית. לחץ ריאתי מוגבר במידה קלה, עליה שמאלית מורחבת במידה קלה. לא הודגמו וגטציות על פני המסתמים ואלקטרודות קוצב בחללי הלב הימניים.",1,0.16
ProcedureSummary,בנוסף לממצאי הTTE בוצע TEE לצורך הערכת החומרה של הדלף המיטרלי 1) הודגם דלף מיטרלי בינוני 2) האוזנית סגורה על ידי התקן 3) אטרוסקלרוזיס של האורטה היורדת.,1,0.16
ProcedureSummary,"חדר שמאלי בגודל תקין עם התכווצות גלובלית ערה, ללא הפרעה איזורית, התעבות קלה של המחיצה, רושם שמדובר בתבנית מילוי פסאודונורמלית (אבחנה לא מדויקת בנוכחות הסתיידות קשה של האנולוס המיטרלי), חדר ימני בגודל והתכווצות תקינה, אנולוס מיטרלי מסויד, אי ספיקה מיטרלית ביננית, אורטלית וטטריקוספידלית מינימלתי עם יתר לחץ דם ריאתי קל (סיגנל לא אופטימלי ותתכן מאוד תת הערכה). לא בוצעה בדיקת אקו וושט מאחר והחולה נראית לא מספיק יציבה, מורידה סטורציה לסביבות 80 לפני אינטובציה לוושט. במידת הצורך נתאם בתנאים שאפשר לב",1,0.16
ProcedureSummary,"חדר שמאל בגודל תקין ,תפקודו הסיסטולי הגלובלי מופחת בידה קלה עד בינונית עם היפוקינזיה ולפרקים דיסקינזיה ספטאלית, תבנית המילוי הדיאסטולי רסטרקטיבית, עליה שמאל מורחבת במידה בינונית ,עליה ימין מורחבת חדר ימין מורחב עם תפקוד סיסטולי שמור , ל""ד ריאתי מוערך מוגבר במידה קשה מסתם אאורטלי מסוייד ללא דלף או הצרות, דלף מיטראלי קל ,דלף טריקוספידלי ככל הנראה קשה (לא מודגם בצבע אולם הCW והיפוך הזרימה בורידי הכבד מכוונים לדלף קשה). אלקטרודות קוצב בחללים הימניים . מודגמים תפליטים פלאורליים גדולים דו""צ",1,0.16
ProcedureSummary,"חדר שמאלי בגודל והתכווצות גלובלית ואיזורית תקינה, ספטום היפרטרופי, חדר ימני בגודל והתכווצות תקינה, מסתם אורטלי מעט מסוייד, דלף מינימלי, אנולוס מיטרלי מסוייד עם דלף מינימלי, דלף קל של טריקספיד, עדות ליתר לחץ דם ריאתי בינוני, הגדלה בינונית של העליה השמאלית. הגדלה של עליה ימין, יכול להתאים ללחצי מילוי גבוהים של חדר שמאל.",1,0.16
ProcedureSummary,"איכות הדמיה מוגבלת. חדר שמאל עם חלל בגודל תקין, היפרטרופי, תפקודו הסיסטולי הגלובלי תקין ללא הפרעה אזורית, תבנית המילוי הדיאסטולי פסאודונורמלית (הפרעה דיאסטולית דרגה II ) ,עליה שמאל מורחבת במידה בינונית . חדר ימין בגודל ותפקוד תקינים , ל""ד ריאתי מוערך מוגבר במידה קלה. מסתם אאורטלי מעובה,ללא דלף או הצרות, דלף מיטראלי וטריקוספידלי קל.",1,0.16
ProcedureSummary,"חדר שמאל בגודל תקין היפרטרופי עם עבוי בולט של הספטום, תפקודו הגלובלי והאיזורי תקינים, לא ניתן לקבוע תפקוד דיאסטולי בבדיקה זו,עליה שמאל מורחבת במידה קלה. חדר ימין בגודל תקין , עם רושם לעבוי של הדפנות, תפקודו הסיסטולי ירוד במידה בינונית , ל""ד ריאתי מוגבר במידה קשה. תותב ביולוגי בעמדה אאורטלית עליו מעובים עם דלף קל ומפל לחצים סיסטולי מוגבר על פניו (עליה במפל בהשוואה לאקו מ2011 ) , אי ספיקה מיטרלית מינימלית,דלף טריקוספידלי קל עד בינוני.",1,0.16
ProcedureSummary,"Dilated LV cavity with normal systolic function Normal right ventricle structure and function. Mild left atrial enlargement Minimal dilatation of the ascending aorta Thickened aortic valve with restricted leaflet opening Moderate aortic stenosis, mean gradient of 21 mmHg Mild aortic regurgitation",1,0.16
ProcedureSummary,"חדר שמאלי בגודל והתכווצות גלובלית ואיזורית תקינה, היפרטרופיה קלה. חדר ימין תקין. תבנית המילוי תקינה, כיבוי של מסתם אורטלי ומיטרלי עם דליפה מינימלית של טריקספיד. אין עדות ליתר לחץ דם ריאתי, הגדלהקלה של העליה השמאלית והימנית.",1,0.16
ProcedureSummary,"חדר שמאלי בגודל תקין, התכווצות גלובלית ואיזורית תקינה. לא ניתן להעריך תפקוד דיאסטולי. עליות מורחבות. חדר ימני בגודל והתכווצות תקינה. מסתם אורטלי תותב ביולגי לאחר TAVI עם מפל לחצים תקין על פניו, אי ספיקה אורטלית מינמלית. אי ספיקה מיטרלית וטריוקספדלית קלה. לחץ דם ריאתי תקין.",1,0.16
ProcedureSummary,"חדר שמאל מורחב במידה קלה, ספטום בזלי היפרטרופי, התכווצותו הגלובלית תקינה, היפוקינזיה אנפרו פוסטרובזאלית ושל הנספטום הבזלי, חדר ימין בגודל ותפקוד תקינים, הרחבה קלה של העליות, מסתם אאורטלי מעט מסויד, טבעת המסתם מיטרלית מעט מסויידת, אי ספיקה מיטרלית קלה עד בינונית, אי ספיקה טריקוספידלית מינימלית, לחץ דם ריאתי מוגבר במידה בינונית. תבנית מילוי פסוידו נורמלית.",1,0.16
ProcedureSummary,"עליה שמאלתי מורחבת. חדר ימין מורחב והיפוקינטי קשה. אלקטודה של קוצב בתוכו. חדר שמאל מורחב עם תפקוד גלובלי ירוד במדיה קשה ובאופן דיפוזי. מסתם מיטרלי תותב עם מפל פלוירלים סביר על פניו. אס""ק מיטרלית קלה. מסתם אורטלי מעוב עם דךף קל. מסתפ טריקוספידלי תותב עם מפל לחצים סביר על פניו. אס""ק טריקוספידלית קלה. יל""ד ריאתי קל. נוזל פלוירלי משמאל.",1,0.16
ProcedureSummary,"חדר שמאלי מורחב במידה ניכרת, דופנותיו תקינים בעובים, תפקדו גלובלי ואזורי מופחת במידה קשה. חדר ימני מורחב עם תיפקוד ירוד במידה קשה. מסתם האאורטלי מעט מסויד, פתיחה תקינה. אי ספיקה מיטרלית קשה. אי ספיקה טרקיוספידאלית בינונית לקשה. לחץ ריאתי מוגבר במידה קשה .IVC מורחב, תגובתו לנשימה מופחתת. עליה שמאלית מורחבת במידה בינונית. עליה ימנית מורחבת במידה קלה. בחדר צינטרוים בוצע TEE השלמה ללא קריש באפקס.",1,0.16
ProcedureSummary,"חדר שמאלי בגודל תקין, תפקודו שמור, חדר ימין מורחב עם תפקוד גבולי, מסתם אורטלי מסוייד עם היצירות בינונית, ודלף קל עד בינוני, טבעת מסתם מיטרלי מסויידת, דלף מיטרלי קל, דלף טריקוספידלי קשה, לחץ ריאתי מוגבר במידה קשה, עליות מורחבות. מתאים ללחצי מילוי גבוהים של חדר שמאל.",1,0.16
ProcedureSummary,"חדר שמאל בגודל ותפקוד תקין, חדר ימין מורחב תפקודו שמור, הרחבה קשה של עליה שמאלית וימנית, מסתם אאורטלי מסוייד, היצרות אאורטלית קלה, אי ספיקהה אאורטלית קלה, אי ספיקה מיטרלית בינונית-קשה, אי ספיקה טריקוספידלית קשה, IVC מורחב ללא שינוי נשימתי, לחץ דם ראתי מוגבר במידה בינונית, אלקטרודת קוצב בחדר ימין.",1,0.16
ProcedureSummary,"חדר שמאלי בגודל תקין תפקודו הגלובלי הסיסטולי מופחת במידה קלה , עם היפוקנזיה אחורית ותחתונה, ואנארויזמה של חלק אפיקו ספטלי. תבנית מילוי דיאסטולי מתאימה להפרעה דרגה III על פי קרירטיונים מ 2016 של ASE. חדר ימין בגודל ותפקוד תקינים עליה שמאלית מורחבת במידה קלה מסתם אאורטלי מסוייד עם הצרות קלה עד בינונית מסתם מטרלי עם טבעת מסויידת דרכו דלף קל מסתם טריקוספידלי עם דלף קל לחץ דם ראתי סיסטולי מוערך כמוגבר במידה קלה עד בינונית IVC אינו מורחב אך אינו עובר תמט נשימתי הולם באינספירי",1,0.16
ProcedureSummary,"חדר שמאלי עם חלל קטן, התכווצותו הגלובלית ואיזורית תקינה, חדר ימני בגודל והתכווצות תקינה, מסתם אורטלי לאחר TAVI עם תפקוד תקין, מסתם מיטרלי מסוייד, אנולוס מוצר, מפל מעט מוגבר, אי ספיקה מיטרלית מינימלית, אי ספיקה טריקוספידלית קלה, לחץ דם ריאתי מוגבר במידה קשה, הגדלה בינונית של העליה השמאלית.",1,0.16
ProcedureSummary,"עליה שמאלית מורחבת. חר ימין תקין. חדר שמאל ברוחב תקין עם תפקוד גלובלי תקין. מסתם מיטרלי לאחר תיקון עם דלף קל. עד בינוני. דלף אורטלי קל. אס""ק טרקיוספידלית קשה. לחץ ריאתי מוגבר במדיה קלה. אלקטרודת קוצב מימין.",1,0.16
ProcedureSummary,"בדיקה קשה טכנית, בוצעה על הגב. חדר שמאל בגודל תקין, התכווצות גלובלית ואיזורית תקינה, עליות בגודל תקין, חדר ימני תקין, מסתם אאורטלי מסוייד, אי ספיקה מיטרלית, אאורטלית וטריקוספידלית מינימלית, לא ניתן לימדוד לחץ דם ריאתי בשל סיגנל TR קלוש, נוזל פריקרדיאלי בכמות קטנה אחורית.",1,0.16
ProcedureSummary,"עליה שמאלית מורחבת. חדר ימין תקין. חדר שמאל ברוחב תקין ( גבול עליון) עם תפקוד גלובלי ירוד במדיה בינונית, היפוקינזיה אחלוירת, לטרלית, אנפרובזלי ושל החלק מהאפקס. הסגמנט האנטרו אפיקלי אקינטי. אס""ק מיטרלית קלה. אס""ק טריקוספידלית קלה עד בינונית לחץ ריאתי מוגבר במדיה קלה.. תבנית מילוי רסטריקטיבית.",1,0.16
ProcedureSummary,חדר שמאלי מורחב במידה קלה והתכווצותו גלובלית ירודה במידה בינונית. ספטום חדר שמאל דחוק בצורת D-SHAPE ודיסקינטי עקב חדר ימין מאוד מורחב וקיצוב. לא ניתן להעריך תפקוד דיאסטולי. חדר ימני מורחב במידה קשה והתכווצותו ירודה במידה בינונית. עליות מורחבות. אי ספיקה מיטרלית בינונית וטריקוספידלית קשה. לא נתן להעריך לחץ ריאתי עקב FREE TR. מודגמות אלקטרודות בחללים ימניים. מודגמת מיימת בטנית.,1,0.16
ProcedureSummary,"חדר שמאלי ברוחב תקין, היפרטרופיה של ספטום, תפקודו הגלובלי והאיזורי תקין. חדר ימין ברוחב ותפקוד תקין. פרוזדור שמאלי מורחב במידה קלה. מסתם אאורטלי מסויד מינימלית, ללא הפרעה המודינמית. שורש האאורטה מעט מורחב, אנולוס מיטרלי מסויד, דלף מיטרלי קל. הודגם דלף טריקוספידלי קל עד בינוני, לחץ ריאתי מוגבר קשה. יכול להתאים ללחצי מילוי גבוהים של חדר שמאל.",1,0.16
ProcedureSummary,"חדר שמאל ברוחב תקין, היפרטרופי במידה קלה בצורה קונצנטרית, תפקודו הגלובלי והאיזורי תקין. תבנית מילוי דיאסטולי מתאימה להפרעה דרגה II ( פסוידונורמלית).חדר ימין בגודל ובתפקוד תקין. המסתם האאורטלי מסוייד עם היצרות קשה ודליפה קלה-בינונית. עלי המסתם המיטרלי מעובים. בהעדר דליפה טריקוספידלית לא ניתן למדוד לחץ דם ריאתי. עליה שמאלית מורחבת במידה קלה. תפליט פריקרדיאלי קטן ללא אפקט הימודינמי משמעותי. וריד נבוב תחתון אינו מורחב ועובר תמט נשימתי הולם.",1,0.16
ProcedureSummary,"בדיקה באיכות טכנית ירודה ממנחים פראסטרנליים בלבד. חדר שמאל ברוחב תקין, תפקודו הגלובלי שמור",1,0.16
ProcedureSummary,"חדר שמאלי מורחב במידה קלה , היפרטרופי, והתכווצותו גלובלית ירודה במידה בינונית, ירידה דיפוזית , יותר בולטת בקיר אינפריוריר, אחורי ולטרלי, חדר ימין שמור. תבנית המילוי רסטריקטיבית, אי ספיקה אאורטלית ומיטרלית קלה , אי ספיקה טריקוספידלית מינימלית. , יתר לחץ דם ריאתי קל, הרחבה בינונית של העליה השמאלית. הודגם תפליט פריקרדיאלי קל עד בינוני, תפליט פלאורלי מימין, ציסטות בחלל הבטן, IVC מורחב עם תמט חלקי בלבד.",1,0.16
ProcedureSummary,"חדר שמאלי מורחב במידה קלה, ספטום היפרטרופי,ההתכווצותו גלובלית ואיזורית תקינה, מסתם אורטלי מסוייד עם היצרות קלה עד בינונית על פניו, אי ספיקה אורטלית קלה, מסתם מיטרלי מסוייד, אי ספיקה מיטרלית קלה עד בינונית, אי ספיקה טריקוספדלית קלה, לחץ דם ריאתי מוגבר במידה בינונית , העליה השמאלית מורחבת במידה בינונית. תבנית מילוי פסוידו נורמלית.",1,0.16
ProcedureSummary,"חדר שמאל מורחב במידה קשה, תפקודו הגלובלי מופחת במידה קשה עם אנוריזמה אפיקלית רחבה, אקינזיה נרחבת. הדמיה תת אופטימלית של חדר ימין שהרושם כי תפקודו מופחת במידה בינונית-קשה. דליפה מיטרלית בינונית-קשה. דליפה טריקוספידלית בחומרה קשה. עליות מורחבות. IVC מורחב ואינו עובר תמט נשימתי. אלקטרודת קוצב בחללים מימין. הודגם נוזל מיימת.",1,0.16
ProcedureSummary,"בדיקה בוצעה על הגב. חדר שמאל בגודל תקין, התכווצות גלבולית תקינה, עליה שמאלית מורחב במידה קשה, חדר ימני מורחב במידה קלה עם תפקוד תקין, עליה ימנית מורחבת, טבעת מסתם מיטרלי מעע מסוידת אי ספיקה מיטרלית בינונית, מסתם אאורטלי מעובה אי ספיקה אאורטלית מינימלית, אי ספיקה טריקוספידלית בינונית, לחץ דם ריאתי מוגבר במידה קשה, הודגם נוזל פלאוראלי דו צדד. בכמות גדולה משמאל.",1,0.16
ProcedureSummary,"חדר שמאלי ברוחב תקין, דפנותיו בעובי תקין, תפקודו הגלובלי שמור. חדר ימין ברוחב ותפקוד תקין. פרוזדור שמאלי מורחב. מסתם אאורטלי מסויד, היצרות קלה לבינונית, דלף אאורטלי קל עד בינוני. אנולוס מיטרלי מסויד, עלי המסתם מסויידים, דלף מיטרלי בינוני. הודגם דלף טריקוספידלי בינוני, לחץ ריאתי מוגבר במידה קשה. הודגם תפליט פלאורלי מימין.",1,0.16
ProcedureSummary,"חדר שמאלי בגודל תקין, ספטום מעובה, ההתכווצותו גלובלית ואיזורית תקינה, חדר ימני בגודל והתכווצות תקינה, אי ספיקה אורטלית קלה, אי ספיקה מיטרלית עד בינונית, אי ספיקה טריקוספדלית קלה, לחץ דם ריאתי מוגבר במידה קלה, הגדלה קלה של העליה השמאלית. הודגם נוזל פריקרדיאלי בכמות קטנה.",1,0.16
ProcedureSummary,"לב מושתל. חדר שמאל בגודל תקין, תפקודו הגלובלי תקין ללא הפרעה אזורית. חדר ימין מורחב במידה קלה, תפקודו שמור. מבנה תקין של המסתמים. אי ספיקה מיטרלית קלה. אי ספיקה טריקוספידלית קלה. לחץ דם ריאתי תקין. נצפה תפליט פריקרדיאלי בכמות קטנה.",1,0.16
ProcedureSummary,"ליה שמאלית מורחבת. חדר ימין מורחב והיפוקינט עם אלקטרודה של קוצב בתוכו.. (FAC=30%). חדר שמאל מאוד מורחב עם תפקוד גלבולי ירוד במדיה קשה, דיפוזיץת, יותר בולטת בקיר אינפריורי, אחורי וספטלי. אס""ק מיטרלית קשה. מסתם אורטלי מסויד, אס""ק אורטרלית קלה עד בינונית. אס""ק טריקוספידלית בינונית עד קשה. יל""ד ריאתי בינוני. בדיקתץ סינכרוניזצינה: חדר ימין מתכווץ8 מישלנית לפני חדר שמאל( לא משמעותי) YU INDEX= 28( לא משמעותי) BAX INDEX=33( לא שממעותי) הקיר הלטרלי מתכווץ אחרון.",1,0.16
ProcedureSummary,"חדר שמאלי תקין בגודלו , הספטום מעובה במידה קלה , תפקוד גלובלי ואזורי תקין. תבנית מילוי פסאודונרמלית. חדר ימני תקין בגודלו ובתפקודו.הודגמה אלקטרודה של קוצב בחללי הלב הימני. מסתם טבעת מסוידת, היצרות קלה, טבעת מיטרלית מסויידת, אין עדות למפל לחצים דינמי משמעותי באפיק המוצא.. אי ספיקה מיטרלית קלה. אי ספיקה טריקוספידאלית קלה לבינונית. לחץ ריאתי מוגבר במידה בינונית. עליה שמאלית מורבחת במידה קלה.",1,0.16
ProcedureSummary,מטופל עם קרדיומיופטיה איסכמית. חדר שמאל עם תפקוד ירוד מבידה קשה עם אוטם אינפרו פוסטריורי ישן עם עדות לוויאביליות בשאר הדפנות. דלף מיטרלי קל. אלקטרודת דפיברילטור מימין. לאור תלונות של עייפות במאמץ קל + ממצאי הבדיקה הוחלט להסתפק בבדיקה במנוחה בלבד.,1,0.16
ProcedureSummary,"בדיקה חלקית לבקשת מחקר סטאפ חדר שמאל מורחב במידה קלה, תפקודו הסיסטולי הגבולי שמור עם היפוקינזיה ספטאלית, ואינפרובזאלית",1,0.16
ProcedureSummary,"חדר שמאל בגודל תקין עם התכווצות גלובלית ואיזורית מופחתת במידה בינונית, לא ניתן להתייחס לתפקוד דיאסטולי. חדר ימני רחב עם ירידה בהתכווצות. עליות מוגדלות. מסתם אורטלי עם עלים מעובים, תנועתיות מוגבלת של rcc אך ללא הפרעה המודינית, אי ספיקה טריויאלית. מסתם מיטרלי עם אי ספיקה קשה (thetering של העלים), עלה אחורי 15ממ , מפל לחצים ממוצע 2 ממ""כ. אי ספיקה טריקוספידלית קלה-בינונית. לחץ דם ראתי מוגבר. עליה ואוזנית ללא קרישי דם .",1,0.16
OncologicalDiagnosis,nan,502,77.83
OncologicalDiagnosis,Oncological diagnosis,143,22.17
